"Title","ID","Created Date","Updated Date","Owner","project","platform","reach","views","engagement","follows","month","year","company"
,"00c50700-70e3-4639-9224-8beef5294d8b",2025-08-08T07:12:52Z,2025-08-22T18:19:02Z,"01f011dc-8d52-4de4-9524-780ccef3313b","f889f811-6e7f-489d-a7de-dee3fc249d28","LinkedIn",973,3364,170,9436,"7","2025","426d8f37-fc41-444b-ab15-e9fc7bbb0933"
,"016afae0-7ae6-4a43-9918-937a934c5e4b",2026-01-05T06:36:41Z,2026-02-16T05:59:32Z,"01f011dc-8d52-4de4-9524-780ccef3313b","90f693b9-af56-47a1-9965-98bf0326b43e","TikTok",634345,660051,6025,476,"0","2026","34a2f467-ef8e-4733-b6ad-7d176e614466"
,"02a2bdec-9f17-49c6-95c8-f82802c6413c",2025-11-01T09:37:18Z,2025-12-05T05:10:12Z,"01f011dc-8d52-4de4-9524-780ccef3313b","5dd8d88e-58bc-4e12-9cfb-55a3306b21cd","Instagram",14367,101935,11760,697,"10","2025","56eac7e9-af94-47c0-b4b1-2a4101a9b0c1"
,"02cd0b36-bb15-43a7-b19e-91dfa9880c05",2025-12-05T06:04:06Z,2025-12-05T06:04:06Z,"01f011dc-8d52-4de4-9524-780ccef3313b","e65ea50e-6cc6-458d-8f81-1ebf9b702e2d","TikTok",0,0,0,0,"10","2025","13a7054a-69bb-4514-8cf0-99c746f8aaee"
,"034e8cee-4910-4606-8c40-8e9f167329bd",2026-01-05T06:36:44Z,2026-01-05T06:36:44Z,"01f011dc-8d52-4de4-9524-780ccef3313b","90f693b9-af56-47a1-9965-98bf0326b43e","TikTok",0,0,0,0,"0","2025","34a2f467-ef8e-4733-b6ad-7d176e614466"
,"0356982c-fb30-4a09-90e8-5076ef450728",2026-02-10T07:05:16Z,2026-02-10T07:05:16Z,"01f011dc-8d52-4de4-9524-780ccef3313b","0e90ed6d-2dbc-48b2-aeea-fe5b0928abd5","Facebook",0,0,0,0,"1","2026","8e973dbb-d6fd-4cf8-94a8-10f51ec8f4a0"
,"0442d126-0e4c-43ad-ac68-0253759f7588",2025-09-19T08:22:36Z,2025-09-19T08:22:36Z,"01f011dc-8d52-4de4-9524-780ccef3313b","1212678d-037b-475a-b187-a27821e2d3c8","Facebook",0,0,0,0,"1","2025","e5a8f142-b45d-4375-973d-f0cc776663e1"
,"04e8a872-e9f5-4ecf-ae74-2ab8f94e6113",2025-09-19T08:22:36Z,2025-09-19T08:22:36Z,"01f011dc-8d52-4de4-9524-780ccef3313b","1212678d-037b-475a-b187-a27821e2d3c8","LinkedIn",0,0,0,0,"1","2025","e5a8f142-b45d-4375-973d-f0cc776663e1"
,"0583fd4f-a556-4ce7-9297-7239eca0c268",2025-10-06T04:26:49Z,2025-10-06T04:26:49Z,"01f011dc-8d52-4de4-9524-780ccef3313b","5dd8d88e-58bc-4e12-9cfb-55a3306b21cd","Instagram",0,0,0,0,"0","2025","56eac7e9-af94-47c0-b4b1-2a4101a9b0c1"
,"058aad74-0e53-4dd9-8133-c98c53dc96e8",2025-09-02T05:37:08Z,2025-09-02T05:37:08Z,"01f011dc-8d52-4de4-9524-780ccef3313b","f889f811-6e7f-489d-a7de-dee3fc249d28","TikTok",0,0,0,0,"8","2025","426d8f37-fc41-444b-ab15-e9fc7bbb0933"
,"058e26fe-5736-406d-83ba-9efc26ab4bb6",2025-08-03T19:36:21Z,2025-09-01T10:32:31Z,"01f011dc-8d52-4de4-9524-780ccef3313b","90f5bb8e-1da9-441f-b63b-1941b663318b","Instagram",801,3039,1270,353,"6","2025","cc1e8c94-1f3d-4942-ba0a-3f5041a105cc"
,"05a1c465-0213-42ea-a72a-24aa5b11807f",2025-12-03T09:24:38Z,2025-12-03T09:24:38Z,"01f011dc-8d52-4de4-9524-780ccef3313b","5dd8d88e-58bc-4e12-9cfb-55a3306b21cd","Facebook",0,0,0,0,"11","2025","56eac7e9-af94-47c0-b4b1-2a4101a9b0c1"
,"06c7d775-6b43-4b2c-b476-21885c06b7d7",2026-02-10T07:05:23Z,2026-02-10T07:05:23Z,,"fe578398-ead8-4e5c-902c-1ba9d28746b3","Instagram",0,0,0,0,"1","2026","f644f0b2-3ef9-4d0a-80c3-276de3135008"
,"06ed51b8-894e-437d-8e52-93094688142d",2025-08-03T20:02:35Z,2025-08-03T20:02:35Z,"01f011dc-8d52-4de4-9524-780ccef3313b","90f5bb8e-1da9-441f-b63b-1941b663318b","Instagram",0,0,0,0,"5","2025","cc1e8c94-1f3d-4942-ba0a-3f5041a105cc"
,"0794fb06-6fb7-420e-91f0-e47fa9b2b213",2026-01-05T06:36:44Z,2026-01-05T06:36:44Z,"01f011dc-8d52-4de4-9524-780ccef3313b","90f693b9-af56-47a1-9965-98bf0326b43e","Facebook",0,0,0,0,"0","2025","34a2f467-ef8e-4733-b6ad-7d176e614466"
,"082852c6-17fc-4689-ba97-5121a4eb504f",2025-09-01T10:03:40Z,2025-11-20T08:30:11Z,"01f011dc-8d52-4de4-9524-780ccef3313b","90f5bb8e-1da9-441f-b63b-1941b663318b","TikTok",264788,285676,439,67,"8","2025","cc1e8c94-1f3d-4942-ba0a-3f5041a105cc"
,"0bce5e14-eb51-4b2f-b841-5f6485630994",2025-08-01T09:35:22Z,2025-08-03T11:37:56Z,"e771b8d5-2d78-4471-bb22-0c0d9e29a888","5dd8d88e-58bc-4e12-9cfb-55a3306b21cd","Instagram",7072,38794,1086,17668,"5","2025","56eac7e9-af94-47c0-b4b1-2a4101a9b0c1"
,"0be47c77-67eb-4332-95d1-cf7d5944e985",2026-01-02T07:27:56Z,2026-01-02T07:27:56Z,"01f011dc-8d52-4de4-9524-780ccef3313b","1212678d-037b-475a-b187-a27821e2d3c8","TikTok",0,0,0,0,"0","2024","e5a8f142-b45d-4375-973d-f0cc776663e1"
,"0c165a64-b9df-4d33-af74-1424c3f31e8b",2025-12-05T06:03:56Z,2025-12-05T06:03:56Z,"01f011dc-8d52-4de4-9524-780ccef3313b","e65ea50e-6cc6-458d-8f81-1ebf9b702e2d","LinkedIn",0,0,0,0,"11","2025","13a7054a-69bb-4514-8cf0-99c746f8aaee"
,"0c1ca4b0-cecb-4dd9-af1f-30e5c087ce9b",2025-08-15T17:01:32Z,2025-08-22T18:17:47Z,"01f011dc-8d52-4de4-9524-780ccef3313b","f889f811-6e7f-489d-a7de-dee3fc249d28","LinkedIn",1165,6689,66,9074,"6","2025","426d8f37-fc41-444b-ab15-e9fc7bbb0933"
,"0d26ecec-fe91-4b88-977c-4c6e66104388",2026-01-05T06:36:49Z,2026-01-05T06:36:49Z,"01f011dc-8d52-4de4-9524-780ccef3313b","90f693b9-af56-47a1-9965-98bf0326b43e","Instagram",0,0,0,0,"0","2024","34a2f467-ef8e-4733-b6ad-7d176e614466"
,"0fe20327-62db-41ae-92dd-4bfecad1ea36",2025-10-02T06:40:15Z,2025-12-05T08:28:46Z,,"1212678d-037b-475a-b187-a27821e2d3c8","Facebook",71302,87415,206,8,"9","2025","e5a8f142-b45d-4375-973d-f0cc776663e1"
,"1063629a-4967-4af4-838f-b6e53d9c7c19",2025-09-19T09:05:46Z,2025-09-19T09:05:46Z,"01f011dc-8d52-4de4-9524-780ccef3313b","be5a7ff1-e84f-43fb-b6de-579ec9c8315d","TikTok",0,0,0,0,"8","2025","7557f5a6-ad5d-47aa-a0b6-8aa0c8f4009f"
,"10b70613-6e92-43cb-9737-85b7aecb4d90",2026-02-09T05:50:24Z,2026-02-09T05:50:24Z,"01f011dc-8d52-4de4-9524-780ccef3313b","fe6eef75-85a6-4b38-9c21-2c3079846288","Instagram",0,0,0,0,"1","2026","88853dfe-2ab3-4c64-927e-2660e88af0d9"
,"10db7ba1-6226-4bc6-96af-14df8cd3ea21",2026-01-02T07:27:31Z,2026-02-16T05:38:28Z,"01f011dc-8d52-4de4-9524-780ccef3313b","1212678d-037b-475a-b187-a27821e2d3c8","Instagram",2113,15332,1154,54,"0","2026","e5a8f142-b45d-4375-973d-f0cc776663e1"
,"13ae354d-c0b6-4029-b835-6cefd98c9be0",2025-08-05T17:04:09Z,2025-08-05T17:56:10Z,"01f011dc-8d52-4de4-9524-780ccef3313b","1212678d-037b-475a-b187-a27821e2d3c8","Facebook",23,135,0,112,"6","2025","e5a8f142-b45d-4375-973d-f0cc776663e1"
,"1459c67f-4a97-41c2-a497-7451c28ff746",2025-11-03T05:11:52Z,2025-12-04T06:39:20Z,"01f011dc-8d52-4de4-9524-780ccef3313b","1212678d-037b-475a-b187-a27821e2d3c8","Instagram",1442,13322,574,320,"10","2025","e5a8f142-b45d-4375-973d-f0cc776663e1"
,"146ba622-ef3d-485b-b15b-0861983ecc41",2025-09-01T11:37:52Z,2025-11-20T08:52:18Z,"01f011dc-8d52-4de4-9524-780ccef3313b","1212678d-037b-475a-b187-a27821e2d3c8","Facebook",43,496,41,1,"8","2025","e5a8f142-b45d-4375-973d-f0cc776663e1"
,"158dccc7-a94e-4c59-b51e-1a0a4686cc0d",2026-01-05T10:53:13Z,2026-01-05T10:53:13Z,"01f011dc-8d52-4de4-9524-780ccef3313b","e65ea50e-6cc6-458d-8f81-1ebf9b702e2d","Instagram",0,0,0,0,"0","2026","13a7054a-69bb-4514-8cf0-99c746f8aaee"
,"1628f21f-5cd1-437c-86c8-d41eabf2ec43",2025-12-08T08:29:08Z,2026-01-05T07:21:51Z,"01f011dc-8d52-4de4-9524-780ccef3313b","90f693b9-af56-47a1-9965-98bf0326b43e","LinkedIn",438,963,118,5,"11","2025","34a2f467-ef8e-4733-b6ad-7d176e614466"
,"165d3a30-fa31-441d-98e1-a123b734fb0b",2026-01-05T07:20:13Z,2026-01-05T07:20:13Z,"01f011dc-8d52-4de4-9524-780ccef3313b","ba7b39b5-2f96-4c6b-8d55-9e6c7cbd3ea4","TikTok",0,0,0,0,"0","2026","18b7a26f-7f8a-456f-a7c6-d26aa1535fec"
,"18e883b4-7eca-411a-8fd8-21ec773da04f",2026-01-05T06:54:56Z,2026-01-05T06:54:56Z,"01f011dc-8d52-4de4-9524-780ccef3313b","90f5bb8e-1da9-441f-b63b-1941b663318b","TikTok",0,0,0,0,"11","2026","cc1e8c94-1f3d-4942-ba0a-3f5041a105cc"
,"1a8a914f-8277-4e41-92ef-2beca136fd4f",2026-02-09T05:50:24Z,2026-02-09T05:50:24Z,"01f011dc-8d52-4de4-9524-780ccef3313b","fe6eef75-85a6-4b38-9c21-2c3079846288","Facebook",0,0,0,0,"1","2026","88853dfe-2ab3-4c64-927e-2660e88af0d9"
,"1abea7ae-3d51-45fd-908a-717347052f5b",2026-02-02T05:38:40Z,2026-02-02T05:38:40Z,,"1212678d-037b-475a-b187-a27821e2d3c8","Instagram",0,0,0,0,"1","2026","e5a8f142-b45d-4375-973d-f0cc776663e1"
,"1c73ca75-fc41-4813-8deb-53e7151c17de",2025-09-19T09:05:46Z,2025-09-19T09:05:46Z,"01f011dc-8d52-4de4-9524-780ccef3313b","be5a7ff1-e84f-43fb-b6de-579ec9c8315d","Instagram",0,0,0,0,"8","2025","7557f5a6-ad5d-47aa-a0b6-8aa0c8f4009f"
,"1d90c36a-f707-49c5-9fd4-8a21eb52a21e",2025-08-03T11:47:37Z,2025-09-01T11:19:43Z,"01f011dc-8d52-4de4-9524-780ccef3313b","5dd8d88e-58bc-4e12-9cfb-55a3306b21cd","TikTok",368732,420142,1961,2978,"7","2025","56eac7e9-af94-47c0-b4b1-2a4101a9b0c1"
,"1daa57b9-c408-4dd8-9a0e-0650f6777782",2025-12-03T09:24:38Z,2025-12-03T09:24:38Z,"01f011dc-8d52-4de4-9524-780ccef3313b","5dd8d88e-58bc-4e12-9cfb-55a3306b21cd","LinkedIn",0,0,0,0,"11","2025","56eac7e9-af94-47c0-b4b1-2a4101a9b0c1"
,"1e57fd70-7e4a-4ecc-8d2e-11678a018a41",2025-09-01T11:06:27Z,2025-09-26T20:01:35Z,"01f011dc-8d52-4de4-9524-780ccef3313b","5dd8d88e-58bc-4e12-9cfb-55a3306b21cd","Instagram",11209,52411,5017,19201,"8","2025","56eac7e9-af94-47c0-b4b1-2a4101a9b0c1"
,"1f2bc205-89aa-4195-a3cc-1ddcb5d47e69",2025-12-04T07:41:19Z,2025-12-04T07:41:19Z,"01f011dc-8d52-4de4-9524-780ccef3313b","ba7b39b5-2f96-4c6b-8d55-9e6c7cbd3ea4","LinkedIn",0,0,0,0,"10","2025","18b7a26f-7f8a-456f-a7c6-d26aa1535fec"
,"200637ef-8042-4457-9f7a-afa7420f169e",2026-02-10T07:05:16Z,2026-02-10T07:05:16Z,"01f011dc-8d52-4de4-9524-780ccef3313b","0e90ed6d-2dbc-48b2-aeea-fe5b0928abd5","TikTok",0,0,0,0,"1","2026","8e973dbb-d6fd-4cf8-94a8-10f51ec8f4a0"
,"21f82117-cb22-45c3-b918-1c3ff2b3f1b7",2026-01-02T07:27:31Z,2026-02-16T05:39:22Z,"01f011dc-8d52-4de4-9524-780ccef3313b","1212678d-037b-475a-b187-a27821e2d3c8","TikTok",104341,105138,435,51,"0","2026","e5a8f142-b45d-4375-973d-f0cc776663e1"
,"2454098e-aee6-417a-a1b5-1d62643d7310",2025-12-08T08:29:08Z,2026-01-05T07:21:32Z,"01f011dc-8d52-4de4-9524-780ccef3313b","90f693b9-af56-47a1-9965-98bf0326b43e","TikTok",188908,205590,4670,370,"11","2025","34a2f467-ef8e-4733-b6ad-7d176e614466"
,"24b9e682-6721-4602-9f57-0756c41f2a6d",2026-01-05T10:53:13Z,2026-01-05T10:53:13Z,"01f011dc-8d52-4de4-9524-780ccef3313b","e65ea50e-6cc6-458d-8f81-1ebf9b702e2d","LinkedIn",0,0,0,0,"0","2026","13a7054a-69bb-4514-8cf0-99c746f8aaee"
,"25111959-f5fe-4d59-b6a1-b272a7ce9411",2026-02-10T06:45:17Z,2026-02-10T06:45:17Z,"01f011dc-8d52-4de4-9524-780ccef3313b","fe6eef75-85a6-4b38-9c21-2c3079846288","LinkedIn",0,0,0,0,"0","2026","88853dfe-2ab3-4c64-927e-2660e88af0d9"
,"25c43541-877f-4626-9f4b-4a163e8dc49e",2026-02-02T05:38:40Z,2026-02-02T05:38:40Z,,"1212678d-037b-475a-b187-a27821e2d3c8","LinkedIn",0,0,0,0,"1","2026","e5a8f142-b45d-4375-973d-f0cc776663e1"
,"25d05ffc-907b-4820-8df3-09e8b8161fa1",2026-02-02T05:21:16Z,2026-02-02T05:21:16Z,"01f011dc-8d52-4de4-9524-780ccef3313b","5dd8d88e-58bc-4e12-9cfb-55a3306b21cd","Instagram",0,0,0,0,"1","2026","56eac7e9-af94-47c0-b4b1-2a4101a9b0c1"
,"277c5ab6-ee3a-4717-a58e-607d487a727d",2026-02-10T07:05:23Z,2026-02-10T07:05:23Z,,"fe578398-ead8-4e5c-902c-1ba9d28746b3","TikTok",0,0,0,0,"1","2026","f644f0b2-3ef9-4d0a-80c3-276de3135008"
,"286d6fce-bb20-449d-bd45-8d0f0a5946c1",2026-01-05T07:07:08Z,2026-01-05T07:07:08Z,"01f011dc-8d52-4de4-9524-780ccef3313b","90f5bb8e-1da9-441f-b63b-1941b663318b","TikTok",0,0,0,0,"2","2025","cc1e8c94-1f3d-4942-ba0a-3f5041a105cc"
,"29d9bac0-fef1-4952-9842-6bc761f59fbd",2026-02-10T06:45:17Z,2026-02-10T06:45:17Z,"01f011dc-8d52-4de4-9524-780ccef3313b","fe6eef75-85a6-4b38-9c21-2c3079846288","Instagram",0,0,0,0,"0","2026","88853dfe-2ab3-4c64-927e-2660e88af0d9"
,"2a08ed74-50f9-43d5-bea8-ff0f54f4f015",2025-12-05T06:27:12Z,2025-12-05T06:27:12Z,"01f011dc-8d52-4de4-9524-780ccef3313b","6a782226-83c3-4c2b-a265-c2be8ad567b6","LinkedIn",0,0,0,0,"10","2025","40a8a1f7-5a78-4af6-b050-00f2e457ee04"
,"2a2dc962-d8b9-41d3-8b08-d5be30f348d9",2025-08-01T09:08:15Z,2025-09-01T11:25:23Z,"e771b8d5-2d78-4471-bb22-0c0d9e29a888","5dd8d88e-58bc-4e12-9cfb-55a3306b21cd","Instagram",6391,33192,944,18149,"6","2025","56eac7e9-af94-47c0-b4b1-2a4101a9b0c1"
,"2b21c255-759b-41c7-bc11-e21a75becd4e",2026-01-29T11:42:27Z,2026-02-16T06:09:16Z,,"0e90ed6d-2dbc-48b2-aeea-fe5b0928abd5","Facebook",14017,16699,1,3,"0","2026","8e973dbb-d6fd-4cf8-94a8-10f51ec8f4a0"
,"2d2c9fcf-4c69-4101-85b3-12d21611cdc4",2025-11-03T05:19:57Z,2025-12-04T06:35:30Z,"01f011dc-8d52-4de4-9524-780ccef3313b","90f5bb8e-1da9-441f-b63b-1941b663318b","LinkedIn",638,1746,425,9,"10","2025","cc1e8c94-1f3d-4942-ba0a-3f5041a105cc"
,"2da72512-f037-4bbf-ac0d-25e37464528e",2025-09-01T11:06:27Z,2025-09-26T20:23:29Z,"01f011dc-8d52-4de4-9524-780ccef3313b","5dd8d88e-58bc-4e12-9cfb-55a3306b21cd","TikTok",565152,624919,1851,3123,"8","2025","56eac7e9-af94-47c0-b4b1-2a4101a9b0c1"
,"2e99ebbe-d489-432f-aadc-205c7b2f95ab",2025-08-27T05:53:51Z,2025-08-27T05:53:51Z,"01f011dc-8d52-4de4-9524-780ccef3313b","160e00a4-309a-40b8-aec3-1635e37cf211","Facebook",0,0,0,0,"7","2025","5ce89196-d503-4960-a087-3d0d94018925"
,"2ec43c30-e839-4cea-8ff5-4c4a5a076eef",2025-08-27T05:53:51Z,2025-08-27T05:53:51Z,"01f011dc-8d52-4de4-9524-780ccef3313b","160e00a4-309a-40b8-aec3-1635e37cf211","TikTok",0,0,0,0,"7","2025","5ce89196-d503-4960-a087-3d0d94018925"
,"2f08d2a8-c357-4f12-ae5b-97738e225576",2025-09-19T09:05:46Z,2025-09-19T09:05:46Z,"01f011dc-8d52-4de4-9524-780ccef3313b","be5a7ff1-e84f-43fb-b6de-579ec9c8315d","Facebook",0,0,0,0,"8","2025","7557f5a6-ad5d-47aa-a0b6-8aa0c8f4009f"
,"3046a03b-5028-41e1-9022-b17129872714",2025-10-02T06:40:15Z,2025-11-20T08:53:46Z,,"1212678d-037b-475a-b187-a27821e2d3c8","Instagram",1775,18445,732,925,"9","2025","e5a8f142-b45d-4375-973d-f0cc776663e1"
,"30496206-d4fc-46c0-973a-014453c7c210",2025-11-03T05:11:52Z,2025-12-04T06:39:38Z,"01f011dc-8d52-4de4-9524-780ccef3313b","1212678d-037b-475a-b187-a27821e2d3c8","TikTok",66756,75458,284,67,"10","2025","e5a8f142-b45d-4375-973d-f0cc776663e1"
,"30cb3c40-b9ed-47ec-b0b1-ea80275dda53",2026-02-02T05:41:35Z,2026-02-02T05:41:35Z,,"90f693b9-af56-47a1-9965-98bf0326b43e","Instagram",0,0,0,0,"1","2026","34a2f467-ef8e-4733-b6ad-7d176e614466"
,"30f422ea-e3e7-49f8-bf3b-0b7bcf9199a2",2026-02-02T05:21:48Z,2026-02-02T05:21:48Z,"01f011dc-8d52-4de4-9524-780ccef3313b","ba7b39b5-2f96-4c6b-8d55-9e6c7cbd3ea4","LinkedIn",0,0,0,0,"1","2026","18b7a26f-7f8a-456f-a7c6-d26aa1535fec"
,"311a7494-cc7d-4630-ae4f-753698e4e43e",2026-01-05T06:36:49Z,2026-01-05T06:36:49Z,"01f011dc-8d52-4de4-9524-780ccef3313b","90f693b9-af56-47a1-9965-98bf0326b43e","TikTok",0,0,0,0,"0","2024","34a2f467-ef8e-4733-b6ad-7d176e614466"
,"31d14e9c-5562-4785-9bbd-693db3f1d98f",2025-12-03T04:59:35Z,2026-01-05T07:16:54Z,"01f011dc-8d52-4de4-9524-780ccef3313b","1212678d-037b-475a-b187-a27821e2d3c8","Facebook",23420,30902,90,3,"11","2025","e5a8f142-b45d-4375-973d-f0cc776663e1"
,"31d72116-209b-4210-8dfa-f3bb43621153",2025-08-05T12:49:41Z,2025-09-01T11:47:39Z,"01f011dc-8d52-4de4-9524-780ccef3313b","1212678d-037b-475a-b187-a27821e2d3c8","Facebook",41,300,6,113,"7","2025","e5a8f142-b45d-4375-973d-f0cc776663e1"
,"326a3a67-221a-40ea-9251-82b24f161d33",2025-09-28T09:50:47Z,2025-09-28T09:50:47Z,"01f011dc-8d52-4de4-9524-780ccef3313b","90f5bb8e-1da9-441f-b63b-1941b663318b","Instagram",0,0,0,0,"3","2025","cc1e8c94-1f3d-4942-ba0a-3f5041a105cc"
,"334d9e10-5c1a-4c59-93e5-ed1f39b619e9",2026-01-05T05:51:22Z,2026-01-05T05:51:22Z,"01f011dc-8d52-4de4-9524-780ccef3313b","90f5bb8e-1da9-441f-b63b-1941b663318b","LinkedIn",0,0,0,0,"0","2025","cc1e8c94-1f3d-4942-ba0a-3f5041a105cc"
,"3374af7f-7be8-496c-acdc-37d705ebc715",2025-11-01T09:37:18Z,2025-12-05T05:06:50Z,"01f011dc-8d52-4de4-9524-780ccef3313b","5dd8d88e-58bc-4e12-9cfb-55a3306b21cd","LinkedIn",4372,9212,522,244,"10","2025","56eac7e9-af94-47c0-b4b1-2a4101a9b0c1"
,"3421919f-849a-48c2-a81f-bc1fd8915f47",2025-11-18T05:48:11Z,2025-11-18T05:48:11Z,"01f011dc-8d52-4de4-9524-780ccef3313b","b7444ad8-e438-49ce-b78a-df4a2ed60dd8","Instagram",0,0,0,0,"10","2025","c4723d06-5b05-482c-b318-5472ec4c334f"
,"355f914a-309b-4b4f-a696-6372bf4011a1",2026-01-05T07:19:50Z,2026-01-05T07:19:50Z,"01f011dc-8d52-4de4-9524-780ccef3313b","90f693b9-af56-47a1-9965-98bf0326b43e","LinkedIn",0,0,0,0,"10","2025","34a2f467-ef8e-4733-b6ad-7d176e614466"
,"38b99b79-0617-4201-b4f7-e8ab181c85d6",2026-01-02T07:27:56Z,2026-01-02T07:27:56Z,"01f011dc-8d52-4de4-9524-780ccef3313b","1212678d-037b-475a-b187-a27821e2d3c8","Facebook",0,0,0,0,"0","2024","e5a8f142-b45d-4375-973d-f0cc776663e1"
,"3962a1f0-c718-4da6-a2be-e3f394212a02",2025-08-03T11:47:37Z,2025-09-01T11:26:20Z,"01f011dc-8d52-4de4-9524-780ccef3313b","5dd8d88e-58bc-4e12-9cfb-55a3306b21cd","Instagram",8608,36980,1144,18705,"7","2025","56eac7e9-af94-47c0-b4b1-2a4101a9b0c1"
,"39cdd691-d885-4351-aa59-ccf6cb024ddb",2026-02-02T05:12:00Z,2026-02-02T05:12:00Z,"01f011dc-8d52-4de4-9524-780ccef3313b","90f5bb8e-1da9-441f-b63b-1941b663318b","Instagram",0,0,0,0,"1","2026","cc1e8c94-1f3d-4942-ba0a-3f5041a105cc"
,"3ab540c2-c3a3-4350-80ca-c7bdfc98d735",2025-12-05T06:27:12Z,2025-12-05T06:28:49Z,"01f011dc-8d52-4de4-9524-780ccef3313b","6a782226-83c3-4c2b-a265-c2be8ad567b6","Facebook",47282,87808,63,15,"10","2025","40a8a1f7-5a78-4af6-b050-00f2e457ee04"
,"3b5dc78d-7876-4dde-919e-a4a661030a17",2025-11-18T05:48:11Z,2025-11-18T05:48:11Z,"01f011dc-8d52-4de4-9524-780ccef3313b","b7444ad8-e438-49ce-b78a-df4a2ed60dd8","TikTok",0,0,0,0,"10","2025","c4723d06-5b05-482c-b318-5472ec4c334f"
,"3c15860c-6dbb-441d-852a-9cbcc32a9c72",2025-10-23T06:23:15Z,2025-10-23T06:23:15Z,"01f011dc-8d52-4de4-9524-780ccef3313b","ba7b39b5-2f96-4c6b-8d55-9e6c7cbd3ea4","Instagram",0,0,0,0,"9","2025","18b7a26f-7f8a-456f-a7c6-d26aa1535fec"
,"3cc96012-b307-4d57-835b-13e9322d5afc",2025-12-05T16:51:52Z,2025-12-05T16:51:52Z,"01f011dc-8d52-4de4-9524-780ccef3313b","6a782226-83c3-4c2b-a265-c2be8ad567b6","TikTok",0,0,0,0,"9","2025","40a8a1f7-5a78-4af6-b050-00f2e457ee04"
,"3e1cd426-89b7-4414-b3d0-ce3b7edd1f2f",2026-01-05T07:20:13Z,2026-01-05T07:20:13Z,"01f011dc-8d52-4de4-9524-780ccef3313b","ba7b39b5-2f96-4c6b-8d55-9e6c7cbd3ea4","Facebook",0,0,0,0,"0","2026","18b7a26f-7f8a-456f-a7c6-d26aa1535fec"
,"3f5b173c-c812-4a64-8de0-b295e1ca0212",2026-01-05T06:36:41Z,2026-02-16T06:00:31Z,"01f011dc-8d52-4de4-9524-780ccef3313b","90f693b9-af56-47a1-9965-98bf0326b43e","LinkedIn",725,1662,178,12,"0","2026","34a2f467-ef8e-4733-b6ad-7d176e614466"
,"3f62466b-70e3-42d3-87e4-fd93bbdba191",2025-08-01T11:09:25Z,2025-08-03T11:37:56Z,"e771b8d5-2d78-4471-bb22-0c0d9e29a888","5dd8d88e-58bc-4e12-9cfb-55a3306b21cd","LinkedIn",4497,619,295,5123,"5","2025","56eac7e9-af94-47c0-b4b1-2a4101a9b0c1"
,"42205c97-2c8a-4d42-84a1-c724455d2dcb",2025-12-01T08:36:34Z,2026-01-05T08:30:37Z,"01f011dc-8d52-4de4-9524-780ccef3313b","90f5bb8e-1da9-441f-b63b-1941b663318b","TikTok",105089,106284,446,75,"11","2025","cc1e8c94-1f3d-4942-ba0a-3f5041a105cc"
,"42cde85e-c01e-4150-b19e-1d02204962cc",2025-09-02T05:37:08Z,2025-09-02T05:37:08Z,"01f011dc-8d52-4de4-9524-780ccef3313b","f889f811-6e7f-489d-a7de-dee3fc249d28","Facebook",0,0,0,0,"8","2025","426d8f37-fc41-444b-ab15-e9fc7bbb0933"
,"43e5ae25-11b1-44a9-b128-1c28e6649d86",2026-02-02T05:12:00Z,2026-02-02T05:12:00Z,"01f011dc-8d52-4de4-9524-780ccef3313b","90f5bb8e-1da9-441f-b63b-1941b663318b","LinkedIn",0,0,0,0,"1","2026","cc1e8c94-1f3d-4942-ba0a-3f5041a105cc"
,"44eb45b7-8cdc-4f96-b22e-cc8ca6af59e2",2026-01-05T10:53:13Z,2026-01-05T10:53:13Z,"01f011dc-8d52-4de4-9524-780ccef3313b","e65ea50e-6cc6-458d-8f81-1ebf9b702e2d","Facebook",0,0,0,0,"0","2026","13a7054a-69bb-4514-8cf0-99c746f8aaee"
,"46ba76fb-9b5d-4faa-b14b-fe932433b9e5",2026-01-05T07:20:30Z,2026-01-05T07:20:30Z,"01f011dc-8d52-4de4-9524-780ccef3313b","ba7b39b5-2f96-4c6b-8d55-9e6c7cbd3ea4","LinkedIn",0,0,0,0,"0","2025","18b7a26f-7f8a-456f-a7c6-d26aa1535fec"
,"499e7d07-2cd4-495e-8c4b-fc0cff2badd7",2026-01-05T05:51:20Z,2026-02-16T05:54:52Z,"01f011dc-8d52-4de4-9524-780ccef3313b","90f5bb8e-1da9-441f-b63b-1941b663318b","TikTok",152320,153542,533,26,"0","2026","cc1e8c94-1f3d-4942-ba0a-3f5041a105cc"
,"4b294d12-5615-41dd-a7be-7be2a6ef4f5f",2025-08-01T11:00:43Z,2025-08-03T11:37:56Z,"e771b8d5-2d78-4471-bb22-0c0d9e29a888","5dd8d88e-58bc-4e12-9cfb-55a3306b21cd","TikTok",333702,364206,1321,2430,"5","2025","56eac7e9-af94-47c0-b4b1-2a4101a9b0c1"
,"4b981f08-08f3-49ac-b0da-d0a055060454",2025-09-01T10:03:40Z,2025-11-20T08:30:49Z,"01f011dc-8d52-4de4-9524-780ccef3313b","90f5bb8e-1da9-441f-b63b-1941b663318b","LinkedIn",78,2745,525,30,"8","2025","cc1e8c94-1f3d-4942-ba0a-3f5041a105cc"
,"4c02c28a-dce0-4a4a-83c0-4f50b24196f7",2025-09-01T11:06:27Z,2025-09-26T19:58:29Z,"01f011dc-8d52-4de4-9524-780ccef3313b","5dd8d88e-58bc-4e12-9cfb-55a3306b21cd","Facebook",555,1964,167,1690,"8","2025","56eac7e9-af94-47c0-b4b1-2a4101a9b0c1"
,"4d6e1acc-1fbe-43fb-9c7c-8b8c9b8a0217",2025-11-03T05:19:57Z,2025-12-04T06:35:42Z,"01f011dc-8d52-4de4-9524-780ccef3313b","90f5bb8e-1da9-441f-b63b-1941b663318b","TikTok",127836,142708,720,285,"10","2025","cc1e8c94-1f3d-4942-ba0a-3f5041a105cc"
,"4ede31ea-0421-4e1d-9f9c-916e8d23f9de",2026-02-02T05:21:16Z,2026-02-02T05:21:16Z,"01f011dc-8d52-4de4-9524-780ccef3313b","5dd8d88e-58bc-4e12-9cfb-55a3306b21cd","LinkedIn",0,0,0,0,"1","2026","56eac7e9-af94-47c0-b4b1-2a4101a9b0c1"
,"4ee23b7d-f442-48fd-8a2e-a038cfac4580",2025-10-02T11:06:59Z,2025-11-20T08:31:26Z,"01f011dc-8d52-4de4-9524-780ccef3313b","90f5bb8e-1da9-441f-b63b-1941b663318b","Facebook",200,672,104,123,"9","2025","cc1e8c94-1f3d-4942-ba0a-3f5041a105cc"
,"4f9ae1be-611e-44e8-9ebb-fe5da926320d",2025-10-02T11:06:59Z,2025-11-20T08:31:42Z,"01f011dc-8d52-4de4-9524-780ccef3313b","90f5bb8e-1da9-441f-b63b-1941b663318b","TikTok",141275,154661,467,141,"9","2025","cc1e8c94-1f3d-4942-ba0a-3f5041a105cc"
,"503f15d2-316f-479d-a61b-d2f77b7cbf8d",2025-12-04T07:41:15Z,2026-01-05T08:01:52Z,"01f011dc-8d52-4de4-9524-780ccef3313b","ba7b39b5-2f96-4c6b-8d55-9e6c7cbd3ea4","Facebook",232014,340661,5363,403,"11","2025","18b7a26f-7f8a-456f-a7c6-d26aa1535fec"
,"505768ff-2813-4e60-b176-96997e41d4f6",2025-08-01T10:34:26Z,2025-08-28T04:49:01Z,"e771b8d5-2d78-4471-bb22-0c0d9e29a888","5dd8d88e-58bc-4e12-9cfb-55a3306b21cd","Facebook",153,173,14,1623,"6","2025","56eac7e9-af94-47c0-b4b1-2a4101a9b0c1"
,"51a49f50-075c-4801-9c85-e15648eac135",2025-08-15T17:01:32Z,2025-08-15T17:05:32Z,"01f011dc-8d52-4de4-9524-780ccef3313b","f889f811-6e7f-489d-a7de-dee3fc249d28","Instagram",3887,14272,482,12111,"6","2025","426d8f37-fc41-444b-ab15-e9fc7bbb0933"
,"51e4c58b-9833-4cd8-a869-a38ff943b88b",2025-10-06T04:26:49Z,2025-10-06T04:26:49Z,"01f011dc-8d52-4de4-9524-780ccef3313b","5dd8d88e-58bc-4e12-9cfb-55a3306b21cd","TikTok",0,0,0,0,"0","2025","56eac7e9-af94-47c0-b4b1-2a4101a9b0c1"
,"5296ed51-dd33-4a8a-923c-00cc86c11b28",2025-08-05T12:49:41Z,2025-09-28T07:58:03Z,"01f011dc-8d52-4de4-9524-780ccef3313b","1212678d-037b-475a-b187-a27821e2d3c8","TikTok",16551,19509,100,1662,"7","2025","e5a8f142-b45d-4375-973d-f0cc776663e1"
,"547f5d38-2473-4672-be42-f50d7b276f22",2025-10-01T08:30:29Z,2025-11-30T06:50:09Z,"01f011dc-8d52-4de4-9524-780ccef3313b","5dd8d88e-58bc-4e12-9cfb-55a3306b21cd","LinkedIn",3371,7616,579,82,"9","2025","56eac7e9-af94-47c0-b4b1-2a4101a9b0c1"
,"54996413-01e6-46a0-93e5-a4d6e075029d",2025-12-05T06:03:56Z,2026-01-05T11:03:38Z,"01f011dc-8d52-4de4-9524-780ccef3313b","e65ea50e-6cc6-458d-8f81-1ebf9b702e2d","Instagram",366,2268,258,17,"11","2025","13a7054a-69bb-4514-8cf0-99c746f8aaee"
,"55408b24-7708-4dfe-86b9-177b209a6506",2026-01-05T08:54:57Z,2026-01-05T08:54:57Z,"01f011dc-8d52-4de4-9524-780ccef3313b","5dd8d88e-58bc-4e12-9cfb-55a3306b21cd","Facebook",0,0,0,0,"0","2026","56eac7e9-af94-47c0-b4b1-2a4101a9b0c1"
,"565f70ae-e5b4-4547-b159-5c4dea36bd0a",2026-02-10T06:45:17Z,2026-02-10T06:45:17Z,"01f011dc-8d52-4de4-9524-780ccef3313b","fe6eef75-85a6-4b38-9c21-2c3079846288","Facebook",0,0,0,0,"0","2026","88853dfe-2ab3-4c64-927e-2660e88af0d9"
,"5669da68-27db-40d5-bc5b-3545e36949a9",2025-08-03T20:02:35Z,2025-08-03T20:02:35Z,"01f011dc-8d52-4de4-9524-780ccef3313b","90f5bb8e-1da9-441f-b63b-1941b663318b","TikTok",0,0,0,0,"5","2025","cc1e8c94-1f3d-4942-ba0a-3f5041a105cc"
,"58e11331-9330-4383-b4f2-577ae3aa0290",2025-08-03T19:36:21Z,2025-08-15T08:27:24Z,"01f011dc-8d52-4de4-9524-780ccef3313b","90f5bb8e-1da9-441f-b63b-1941b663318b","LinkedIn",16,204,12,3,"6","2025","cc1e8c94-1f3d-4942-ba0a-3f5041a105cc"
,"5954143d-1218-4f50-9351-da10e32b76d2",2025-08-03T11:47:37Z,2025-09-20T12:22:04Z,"01f011dc-8d52-4de4-9524-780ccef3313b","5dd8d88e-58bc-4e12-9cfb-55a3306b21cd","LinkedIn",218,3590,489,5193,"7","2025","56eac7e9-af94-47c0-b4b1-2a4101a9b0c1"
,"59eec312-fd1d-4582-b52f-aa7c00cb11c2",2025-12-05T06:04:06Z,2025-12-05T13:04:21Z,"01f011dc-8d52-4de4-9524-780ccef3313b","e65ea50e-6cc6-458d-8f81-1ebf9b702e2d","Facebook",6092,8387,39,15,"10","2025","13a7054a-69bb-4514-8cf0-99c746f8aaee"
,"5bd6170f-8ce5-4bdd-9274-8f5b78a1eb24",2025-09-19T08:22:43Z,2025-09-19T08:22:43Z,"01f011dc-8d52-4de4-9524-780ccef3313b","1212678d-037b-475a-b187-a27821e2d3c8","LinkedIn",0,0,0,0,"0","2025","e5a8f142-b45d-4375-973d-f0cc776663e1"
,"5bf4f99b-f172-4a3a-84ce-b8670cd506cc",2025-10-23T06:23:15Z,2025-10-23T06:23:15Z,"01f011dc-8d52-4de4-9524-780ccef3313b","ba7b39b5-2f96-4c6b-8d55-9e6c7cbd3ea4","Facebook",0,0,0,0,"9","2025","18b7a26f-7f8a-456f-a7c6-d26aa1535fec"
,"5bf80d45-7261-427e-805f-9d75b5dae194",2025-09-28T09:50:47Z,2025-09-28T09:50:47Z,"01f011dc-8d52-4de4-9524-780ccef3313b","90f5bb8e-1da9-441f-b63b-1941b663318b","LinkedIn",0,0,0,0,"3","2025","cc1e8c94-1f3d-4942-ba0a-3f5041a105cc"
,"5cfc3458-810f-4ff1-901e-891472e8065c",2025-11-01T09:37:18Z,2025-12-05T05:18:28Z,"01f011dc-8d52-4de4-9524-780ccef3313b","5dd8d88e-58bc-4e12-9cfb-55a3306b21cd","TikTok",354175,413932,1634,62,"10","2025","56eac7e9-af94-47c0-b4b1-2a4101a9b0c1"
,"5e2fa80f-be01-49ab-a6c3-0c68ae6b1625",2025-12-04T07:41:15Z,2026-01-05T08:17:47Z,"01f011dc-8d52-4de4-9524-780ccef3313b","ba7b39b5-2f96-4c6b-8d55-9e6c7cbd3ea4","Instagram",987,27238,3896,217,"11","2025","18b7a26f-7f8a-456f-a7c6-d26aa1535fec"
,"5e422633-cdb3-4fda-9e6f-91bbd0147670",2026-01-05T06:36:41Z,2026-02-23T11:05:53Z,"01f011dc-8d52-4de4-9524-780ccef3313b","90f693b9-af56-47a1-9965-98bf0326b43e","Instagram",36581,148871,4597,904,"0","2026","34a2f467-ef8e-4733-b6ad-7d176e614466"
,"5f1492df-b806-42fb-b398-7286c48f57fa",2026-02-02T05:21:16Z,2026-02-02T05:21:16Z,"01f011dc-8d52-4de4-9524-780ccef3313b","5dd8d88e-58bc-4e12-9cfb-55a3306b21cd","Facebook",0,0,0,0,"1","2026","56eac7e9-af94-47c0-b4b1-2a4101a9b0c1"
,"5fafd359-89eb-40cf-b8e4-3cc4d592fedf",2026-01-05T06:54:56Z,2026-01-05T06:54:56Z,"01f011dc-8d52-4de4-9524-780ccef3313b","90f5bb8e-1da9-441f-b63b-1941b663318b","LinkedIn",0,0,0,0,"11","2026","cc1e8c94-1f3d-4942-ba0a-3f5041a105cc"
,"6021d3a4-7205-4556-aa0d-bdfc28c18bf9",2026-02-09T05:50:24Z,2026-02-09T05:50:24Z,"01f011dc-8d52-4de4-9524-780ccef3313b","fe6eef75-85a6-4b38-9c21-2c3079846288","LinkedIn",0,0,0,0,"1","2026","88853dfe-2ab3-4c64-927e-2660e88af0d9"
,"6300d9a1-b3d6-49c2-8e9d-f4bfadefcc8b",2025-12-05T06:03:56Z,2025-12-05T06:03:56Z,"01f011dc-8d52-4de4-9524-780ccef3313b","e65ea50e-6cc6-458d-8f81-1ebf9b702e2d","TikTok",0,0,0,0,"11","2025","13a7054a-69bb-4514-8cf0-99c746f8aaee"
,"6330e0eb-0674-4eca-aeba-2d6a2240c539",2025-08-08T07:12:52Z,2025-08-22T18:24:32Z,"01f011dc-8d52-4de4-9524-780ccef3313b","f889f811-6e7f-489d-a7de-dee3fc249d28","TikTok",64845,71347,614,4801,"7","2025","426d8f37-fc41-444b-ab15-e9fc7bbb0933"
,"63da74e5-2f07-439e-affe-ec1409809408",2026-02-10T07:07:16Z,2026-02-16T06:04:01Z,,"fe578398-ead8-4e5c-902c-1ba9d28746b3","Instagram",721,2798,482,0,"0","2026","f644f0b2-3ef9-4d0a-80c3-276de3135008"
,"65b67e4a-c192-4268-89a7-e0a974751918",2026-02-02T05:41:35Z,2026-02-02T05:41:35Z,,"90f693b9-af56-47a1-9965-98bf0326b43e","LinkedIn",0,0,0,0,"1","2026","34a2f467-ef8e-4733-b6ad-7d176e614466"
,"67d65d41-77fe-4856-8dc4-b84d9e65f0c0",2026-01-05T06:54:56Z,2026-01-05T06:54:56Z,"01f011dc-8d52-4de4-9524-780ccef3313b","90f5bb8e-1da9-441f-b63b-1941b663318b","Instagram",0,0,0,0,"11","2026","cc1e8c94-1f3d-4942-ba0a-3f5041a105cc"
,"68254193-af3e-4229-9055-2bbb6d548d8e",2025-09-01T11:37:52Z,2025-11-20T08:53:17Z,"01f011dc-8d52-4de4-9524-780ccef3313b","1212678d-037b-475a-b187-a27821e2d3c8","LinkedIn",35,1320,288,14,"8","2025","e5a8f142-b45d-4375-973d-f0cc776663e1"
,"697a577c-4d30-4b17-938e-09841c4fbbdf",2026-01-05T07:19:50Z,2026-01-05T07:19:50Z,"01f011dc-8d52-4de4-9524-780ccef3313b","90f693b9-af56-47a1-9965-98bf0326b43e","Instagram",0,0,0,0,"10","2025","34a2f467-ef8e-4733-b6ad-7d176e614466"
,"6ac533f8-00bf-4897-be68-e47b3e9603f3",2025-08-15T17:01:32Z,2025-08-15T17:03:28Z,"01f011dc-8d52-4de4-9524-780ccef3313b","f889f811-6e7f-489d-a7de-dee3fc249d28","Facebook",115,579,38,989,"6","2025","426d8f37-fc41-444b-ab15-e9fc7bbb0933"
,"6acfbb54-227c-4fcb-8ed8-95695ff4a204",2025-09-28T09:44:00Z,2025-09-28T09:44:00Z,"01f011dc-8d52-4de4-9524-780ccef3313b","90f5bb8e-1da9-441f-b63b-1941b663318b","Facebook",0,0,0,0,"4","2025","cc1e8c94-1f3d-4942-ba0a-3f5041a105cc"
,"6ae65409-9abb-4348-a6d1-48d188274c05",2026-02-10T07:05:16Z,2026-02-10T07:05:16Z,"01f011dc-8d52-4de4-9524-780ccef3313b","0e90ed6d-2dbc-48b2-aeea-fe5b0928abd5","LinkedIn",0,0,0,0,"1","2026","8e973dbb-d6fd-4cf8-94a8-10f51ec8f4a0"
,"6b4aa037-df92-44f9-b224-09c8d63b4948",2026-02-02T05:21:48Z,2026-02-02T05:21:48Z,"01f011dc-8d52-4de4-9524-780ccef3313b","ba7b39b5-2f96-4c6b-8d55-9e6c7cbd3ea4","Instagram",0,0,0,0,"1","2026","18b7a26f-7f8a-456f-a7c6-d26aa1535fec"
,"6cb16f9a-3b10-438a-8131-2d83be80bb80",2025-10-06T06:47:39Z,2025-10-06T06:47:39Z,"01f011dc-8d52-4de4-9524-780ccef3313b","c27ec391-f198-49d2-a60e-6a3516fb252b","Facebook",0,0,0,0,"9","2025","448570ff-ae32-45a3-8790-5bca1175adae"
,"6e588e31-f531-4320-a99d-c4d4bc572d31",2025-12-03T09:24:38Z,2025-12-03T09:24:38Z,"01f011dc-8d52-4de4-9524-780ccef3313b","5dd8d88e-58bc-4e12-9cfb-55a3306b21cd","TikTok",0,0,0,0,"11","2025","56eac7e9-af94-47c0-b4b1-2a4101a9b0c1"
,"6ff3c347-d8b7-4f4f-a323-510a05e9755e",2025-09-01T11:37:52Z,2025-11-20T08:52:33Z,"01f011dc-8d52-4de4-9524-780ccef3313b","1212678d-037b-475a-b187-a27821e2d3c8","Instagram",1765,19332,406,990,"8","2025","e5a8f142-b45d-4375-973d-f0cc776663e1"
,"7140d39c-37a7-4cdb-ae95-603583d160b4",2025-11-03T05:19:57Z,2025-12-05T06:33:49Z,"01f011dc-8d52-4de4-9524-780ccef3313b","90f5bb8e-1da9-441f-b63b-1941b663318b","Facebook",39180,67403,92,149,"10","2025","cc1e8c94-1f3d-4942-ba0a-3f5041a105cc"
,"7219eb01-d5dc-4c2e-8764-05d937eb1df4",2025-09-28T09:44:00Z,2025-09-28T09:44:00Z,"01f011dc-8d52-4de4-9524-780ccef3313b","90f5bb8e-1da9-441f-b63b-1941b663318b","TikTok",0,0,0,0,"4","2025","cc1e8c94-1f3d-4942-ba0a-3f5041a105cc"
,"7264362e-7d65-4ee4-add6-d69c496ed2b1",2025-09-19T08:22:36Z,2025-09-19T08:22:36Z,"01f011dc-8d52-4de4-9524-780ccef3313b","1212678d-037b-475a-b187-a27821e2d3c8","Instagram",0,0,0,0,"1","2025","e5a8f142-b45d-4375-973d-f0cc776663e1"
,"734220b8-177f-45e1-9db1-e9a91ae1a101",2025-09-28T09:50:47Z,2025-09-28T09:50:47Z,"01f011dc-8d52-4de4-9524-780ccef3313b","90f5bb8e-1da9-441f-b63b-1941b663318b","TikTok",0,0,0,0,"3","2025","cc1e8c94-1f3d-4942-ba0a-3f5041a105cc"
,"762d11a3-7c77-47a4-823e-07de53328861",2025-09-19T08:22:36Z,2025-09-19T08:22:36Z,"01f011dc-8d52-4de4-9524-780ccef3313b","1212678d-037b-475a-b187-a27821e2d3c8","TikTok",0,0,0,0,"1","2025","e5a8f142-b45d-4375-973d-f0cc776663e1"
,"767471bf-7f72-4845-91f7-492bf78a44f5",2025-08-05T17:04:09Z,2025-08-05T17:57:17Z,"01f011dc-8d52-4de4-9524-780ccef3313b","1212678d-037b-475a-b187-a27821e2d3c8","LinkedIn",50,111,1,136,"6","2025","e5a8f142-b45d-4375-973d-f0cc776663e1"
,"76bf0fdc-ae30-4ec0-97ec-a5339307449a",2025-08-03T19:36:14Z,2025-09-01T10:41:41Z,"01f011dc-8d52-4de4-9524-780ccef3313b","90f5bb8e-1da9-441f-b63b-1941b663318b","TikTok",190809,207964,303,110,"7","2025","cc1e8c94-1f3d-4942-ba0a-3f5041a105cc"
,"773f243d-2bd1-4a91-a64b-00f282889473",2025-08-27T05:53:51Z,2025-08-27T05:53:51Z,"01f011dc-8d52-4de4-9524-780ccef3313b","160e00a4-309a-40b8-aec3-1635e37cf211","Instagram",0,0,0,0,"7","2025","5ce89196-d503-4960-a087-3d0d94018925"
,"779d62f9-501e-4689-ae26-0d34f871481d",2025-10-23T06:23:15Z,2025-10-23T06:23:15Z,"01f011dc-8d52-4de4-9524-780ccef3313b","ba7b39b5-2f96-4c6b-8d55-9e6c7cbd3ea4","TikTok",0,0,0,0,"9","2025","18b7a26f-7f8a-456f-a7c6-d26aa1535fec"
,"7847daa7-7398-49a7-83db-bb8f3463bf3d",2025-12-03T09:24:38Z,2025-12-03T09:24:38Z,"01f011dc-8d52-4de4-9524-780ccef3313b","5dd8d88e-58bc-4e12-9cfb-55a3306b21cd","Instagram",0,0,0,0,"11","2025","56eac7e9-af94-47c0-b4b1-2a4101a9b0c1"
,"784aca55-ccae-4ef0-b44c-1361b54f75cd",2025-08-01T10:56:42Z,2025-08-03T11:37:56Z,"e771b8d5-2d78-4471-bb22-0c0d9e29a888","5dd8d88e-58bc-4e12-9cfb-55a3306b21cd","TikTok",91212,103683,1104,2670,"6","2025","56eac7e9-af94-47c0-b4b1-2a4101a9b0c1"
,"7913cdb9-724a-4f92-803d-101ff0df64b5",2025-08-03T19:36:21Z,2025-09-01T10:33:19Z,"01f011dc-8d52-4de4-9524-780ccef3313b","90f5bb8e-1da9-441f-b63b-1941b663318b","Facebook",4,29,1,1,"6","2025","cc1e8c94-1f3d-4942-ba0a-3f5041a105cc"
,"7a92da61-cde7-4d05-95ff-3459ba8d5d39",2026-01-05T05:51:20Z,2026-02-16T05:52:16Z,"01f011dc-8d52-4de4-9524-780ccef3313b","90f5bb8e-1da9-441f-b63b-1941b663318b","Instagram",5386,21619,2590,202,"0","2026","cc1e8c94-1f3d-4942-ba0a-3f5041a105cc"
,"7b00377d-799a-4302-95cc-ec6e2a1e987b",2025-09-28T09:44:00Z,2025-09-28T09:44:00Z,"01f011dc-8d52-4de4-9524-780ccef3313b","90f5bb8e-1da9-441f-b63b-1941b663318b","Instagram",0,0,0,0,"4","2025","cc1e8c94-1f3d-4942-ba0a-3f5041a105cc"
,"7d4aff05-9351-4886-b79d-a0a2fee61317",2025-08-08T07:12:52Z,2025-08-22T18:14:21Z,"01f011dc-8d52-4de4-9524-780ccef3313b","f889f811-6e7f-489d-a7de-dee3fc249d28","Facebook",51,274,15,988,"7","2025","426d8f37-fc41-444b-ab15-e9fc7bbb0933"
,"7e216cce-122a-47be-94ed-4b2864c428b0",2026-01-05T07:20:13Z,2026-01-05T07:20:13Z,"01f011dc-8d52-4de4-9524-780ccef3313b","ba7b39b5-2f96-4c6b-8d55-9e6c7cbd3ea4","Instagram",0,0,0,0,"0","2026","18b7a26f-7f8a-456f-a7c6-d26aa1535fec"
,"7e9506f8-fe4a-437e-8611-ad1b0673fcc4",2026-01-05T07:07:08Z,2026-01-05T07:07:08Z,"01f011dc-8d52-4de4-9524-780ccef3313b","90f5bb8e-1da9-441f-b63b-1941b663318b","Facebook",0,0,0,0,"2","2025","cc1e8c94-1f3d-4942-ba0a-3f5041a105cc"
,"7f9904b5-dd1b-4c32-802a-4c4a931820a8",2026-02-02T05:21:49Z,2026-02-02T05:21:49Z,"01f011dc-8d52-4de4-9524-780ccef3313b","ba7b39b5-2f96-4c6b-8d55-9e6c7cbd3ea4","Facebook",0,0,0,0,"1","2026","18b7a26f-7f8a-456f-a7c6-d26aa1535fec"
,"8395d578-84fb-4506-82c7-6993b02d70e9",2026-01-05T10:53:13Z,2026-01-05T10:53:13Z,"01f011dc-8d52-4de4-9524-780ccef3313b","e65ea50e-6cc6-458d-8f81-1ebf9b702e2d","TikTok",0,0,0,0,"0","2026","13a7054a-69bb-4514-8cf0-99c746f8aaee"
,"86a35af6-4ca4-4270-8e42-8ea63c4f3abe",2025-09-28T09:50:47Z,2025-09-28T09:50:47Z,"01f011dc-8d52-4de4-9524-780ccef3313b","90f5bb8e-1da9-441f-b63b-1941b663318b","Facebook",0,0,0,0,"3","2025","cc1e8c94-1f3d-4942-ba0a-3f5041a105cc"
,"881ddfee-68bc-41da-9fc3-59bd40acdbc3",2025-08-03T11:47:37Z,2025-09-01T11:23:56Z,"01f011dc-8d52-4de4-9524-780ccef3313b","5dd8d88e-58bc-4e12-9cfb-55a3306b21cd","Facebook",378,981,76,1632,"7","2025","56eac7e9-af94-47c0-b4b1-2a4101a9b0c1"
,"884549fc-7b8e-4ba0-8309-626732465ea8",2025-10-02T11:06:59Z,2025-11-20T08:32:02Z,"01f011dc-8d52-4de4-9524-780ccef3313b","90f5bb8e-1da9-441f-b63b-1941b663318b","LinkedIn",649,2032,460,9,"9","2025","cc1e8c94-1f3d-4942-ba0a-3f5041a105cc"
,"893a7281-5704-4ce6-b0d0-996d48c4b47c",2025-12-01T08:36:34Z,2026-01-05T07:11:34Z,"01f011dc-8d52-4de4-9524-780ccef3313b","90f5bb8e-1da9-441f-b63b-1941b663318b","Facebook",43258,58407,136,146,"11","2025","cc1e8c94-1f3d-4942-ba0a-3f5041a105cc"
,"89677709-7a89-4efb-8afc-5ca12d5da8c8",2025-08-03T19:36:14Z,2025-09-01T10:34:48Z,"01f011dc-8d52-4de4-9524-780ccef3313b","90f5bb8e-1da9-441f-b63b-1941b663318b","Facebook",89,593,29,8,"7","2025","cc1e8c94-1f3d-4942-ba0a-3f5041a105cc"
,"8a4b07a3-2d64-4e2f-b601-d889109e0261",2026-01-05T05:51:20Z,2026-02-16T05:52:34Z,"01f011dc-8d52-4de4-9524-780ccef3313b","90f5bb8e-1da9-441f-b63b-1941b663318b","Facebook",40267,63590,126,197,"0","2026","cc1e8c94-1f3d-4942-ba0a-3f5041a105cc"
,"8ad41979-891f-4a08-baeb-f8464b997e2d",2025-12-05T06:27:12Z,2025-12-05T06:27:12Z,"01f011dc-8d52-4de4-9524-780ccef3313b","6a782226-83c3-4c2b-a265-c2be8ad567b6","TikTok",0,0,0,0,"10","2025","40a8a1f7-5a78-4af6-b050-00f2e457ee04"
,"8b22bf24-1a28-4ece-bcba-bb5cdbf4a88d",2026-01-02T07:27:31Z,2026-02-16T05:37:45Z,"01f011dc-8d52-4de4-9524-780ccef3313b","1212678d-037b-475a-b187-a27821e2d3c8","Facebook",453073,634769,254,3,"0","2026","e5a8f142-b45d-4375-973d-f0cc776663e1"
,"8b943c8c-0608-4916-9919-eb6e531ab0ca",2025-11-18T05:48:11Z,2025-11-18T05:48:11Z,"01f011dc-8d52-4de4-9524-780ccef3313b","b7444ad8-e438-49ce-b78a-df4a2ed60dd8","LinkedIn",0,0,0,0,"10","2025","c4723d06-5b05-482c-b318-5472ec4c334f"
,"8e7b4e03-a217-441b-b997-e997b5808f99",2025-09-19T09:05:46Z,2025-09-19T09:05:46Z,"01f011dc-8d52-4de4-9524-780ccef3313b","be5a7ff1-e84f-43fb-b6de-579ec9c8315d","LinkedIn",0,0,0,0,"8","2025","7557f5a6-ad5d-47aa-a0b6-8aa0c8f4009f"
,"8f681424-c298-4848-8829-0e10dfbb6901",2025-08-03T20:02:35Z,2025-08-03T20:02:35Z,"01f011dc-8d52-4de4-9524-780ccef3313b","90f5bb8e-1da9-441f-b63b-1941b663318b","Facebook",0,0,0,0,"5","2025","cc1e8c94-1f3d-4942-ba0a-3f5041a105cc"
,"8fb30db9-79d5-4cec-aaba-53e653165002",2026-01-05T05:51:22Z,2026-01-05T05:51:22Z,"01f011dc-8d52-4de4-9524-780ccef3313b","90f5bb8e-1da9-441f-b63b-1941b663318b","Instagram",0,0,0,0,"0","2025","cc1e8c94-1f3d-4942-ba0a-3f5041a105cc"
,"8fb5cc66-31b5-472f-9f62-0c59660e6956",2026-01-05T08:54:57Z,2026-01-05T08:54:57Z,"01f011dc-8d52-4de4-9524-780ccef3313b","5dd8d88e-58bc-4e12-9cfb-55a3306b21cd","Instagram",0,0,0,0,"0","2026","56eac7e9-af94-47c0-b4b1-2a4101a9b0c1"
,"8fe61089-5a1d-46c4-a910-527ef97163dc",2025-09-19T08:22:43Z,2025-09-19T08:22:43Z,"01f011dc-8d52-4de4-9524-780ccef3313b","1212678d-037b-475a-b187-a27821e2d3c8","Facebook",0,0,0,0,"0","2025","e5a8f142-b45d-4375-973d-f0cc776663e1"
,"91081fde-afd0-416c-bbb7-891ad414f792",2026-01-05T07:19:50Z,2026-01-05T07:19:50Z,"01f011dc-8d52-4de4-9524-780ccef3313b","90f693b9-af56-47a1-9965-98bf0326b43e","Facebook",0,0,0,0,"10","2025","34a2f467-ef8e-4733-b6ad-7d176e614466"
,"910ec5dd-3868-4b77-8ecf-3f0951646d0d",2025-08-03T20:02:35Z,2025-08-03T20:02:35Z,"01f011dc-8d52-4de4-9524-780ccef3313b","90f5bb8e-1da9-441f-b63b-1941b663318b","LinkedIn",0,0,0,0,"5","2025","cc1e8c94-1f3d-4942-ba0a-3f5041a105cc"
,"91fbc177-04ec-4e61-bfcb-3aefaeffea7c",2026-01-05T08:54:57Z,2026-01-05T08:54:57Z,"01f011dc-8d52-4de4-9524-780ccef3313b","5dd8d88e-58bc-4e12-9cfb-55a3306b21cd","TikTok",0,0,0,0,"0","2026","56eac7e9-af94-47c0-b4b1-2a4101a9b0c1"
,"95c8bfca-732c-4ec8-a38c-856c125acc18",2025-12-01T08:36:34Z,2026-01-05T07:12:37Z,"01f011dc-8d52-4de4-9524-780ccef3313b","90f5bb8e-1da9-441f-b63b-1941b663318b","LinkedIn",515,1402,425,8,"11","2025","cc1e8c94-1f3d-4942-ba0a-3f5041a105cc"
,"95ce1879-0c9f-4253-b697-c50cbd784b61",2025-12-03T04:59:35Z,2026-01-05T07:19:20Z,"01f011dc-8d52-4de4-9524-780ccef3313b","1212678d-037b-475a-b187-a27821e2d3c8","LinkedIn",271,849,230,8,"11","2025","e5a8f142-b45d-4375-973d-f0cc776663e1"
,"969409e1-c715-4c02-acf0-6813a7b8ec7f",2025-08-03T19:36:14Z,2025-09-01T10:35:54Z,"01f011dc-8d52-4de4-9524-780ccef3313b","90f5bb8e-1da9-441f-b63b-1941b663318b","Instagram",2997,20330,829,603,"7","2025","cc1e8c94-1f3d-4942-ba0a-3f5041a105cc"
,"97d5be52-41e0-4e8a-b345-5168a574ed47",2026-01-29T11:42:27Z,2026-02-16T06:08:46Z,,"0e90ed6d-2dbc-48b2-aeea-fe5b0928abd5","Instagram",964,4289,443,47,"0","2026","8e973dbb-d6fd-4cf8-94a8-10f51ec8f4a0"
,"9869d18a-bb2a-426d-86a0-b7ea1272c310",2026-02-10T07:07:16Z,2026-02-16T06:05:57Z,,"fe578398-ead8-4e5c-902c-1ba9d28746b3","TikTok",41015,41165,50,8,"0","2026","f644f0b2-3ef9-4d0a-80c3-276de3135008"
,"9893fd86-5506-48f2-9382-b1029cbfedbc",2026-01-05T07:20:30Z,2026-01-05T07:20:30Z,"01f011dc-8d52-4de4-9524-780ccef3313b","ba7b39b5-2f96-4c6b-8d55-9e6c7cbd3ea4","TikTok",0,0,0,0,"0","2025","18b7a26f-7f8a-456f-a7c6-d26aa1535fec"
,"98c18394-2678-4424-9089-50538e75379f",2026-01-21T08:19:43Z,2026-01-21T08:19:43Z,"01f011dc-8d52-4de4-9524-780ccef3313b","5f4622df-b55f-43d6-9ff8-3eac20caf538","Facebook",0,0,0,0,"0","2026","41599ce5-0074-454c-a2ec-8706540b238d"
,"98eb5552-fdbb-41f6-9b5e-96f4b9dfd0a7",2026-01-05T06:36:49Z,2026-01-05T06:36:49Z,"01f011dc-8d52-4de4-9524-780ccef3313b","90f693b9-af56-47a1-9965-98bf0326b43e","Facebook",0,0,0,0,"0","2024","34a2f467-ef8e-4733-b6ad-7d176e614466"
,"992ae753-fbcf-4046-a472-2da892b398d3",2025-11-03T05:11:52Z,2025-12-05T06:33:10Z,"01f011dc-8d52-4de4-9524-780ccef3313b","1212678d-037b-475a-b187-a27821e2d3c8","Facebook",74238,116144,65,3,"10","2025","e5a8f142-b45d-4375-973d-f0cc776663e1"
,"9ac9b60f-0e57-482d-8603-7c76c8643c47",2025-08-05T17:04:09Z,2025-08-05T17:57:02Z,"01f011dc-8d52-4de4-9524-780ccef3313b","1212678d-037b-475a-b187-a27821e2d3c8","Instagram",164,2795,8,6449,"6","2025","e5a8f142-b45d-4375-973d-f0cc776663e1"
,"9ae51e7f-5466-412b-866c-642f42119d7b",2025-10-06T06:47:39Z,2025-10-06T06:47:39Z,"01f011dc-8d52-4de4-9524-780ccef3313b","c27ec391-f198-49d2-a60e-6a3516fb252b","TikTok",0,0,0,0,"9","2025","448570ff-ae32-45a3-8790-5bca1175adae"
,"9b68884d-1c57-4b76-86c8-e5b49ef0b132",2026-01-05T05:51:22Z,2026-01-05T05:51:22Z,"01f011dc-8d52-4de4-9524-780ccef3313b","90f5bb8e-1da9-441f-b63b-1941b663318b","TikTok",0,0,0,0,"0","2025","cc1e8c94-1f3d-4942-ba0a-3f5041a105cc"
,"9d5afb82-2e42-4ac6-9116-6622734270a1",2025-08-15T17:28:01Z,2025-08-15T17:28:39Z,"e771b8d5-2d78-4471-bb22-0c0d9e29a888","f889f811-6e7f-489d-a7de-dee3fc249d28","TikTok",0,0,0,0,"5","2025","426d8f37-fc41-444b-ab15-e9fc7bbb0933"
,"9db78feb-10ea-44ea-89ab-9e5102bab5fa",2025-12-03T04:59:35Z,2026-01-05T07:18:51Z,"01f011dc-8d52-4de4-9524-780ccef3313b","1212678d-037b-475a-b187-a27821e2d3c8","TikTok",51059,51447,213,51,"11","2025","e5a8f142-b45d-4375-973d-f0cc776663e1"
,"9dc1cd45-38ba-4790-b445-dba2ae727597",2026-02-10T07:05:23Z,2026-02-10T07:05:23Z,,"fe578398-ead8-4e5c-902c-1ba9d28746b3","Facebook",0,0,0,0,"1","2026","f644f0b2-3ef9-4d0a-80c3-276de3135008"
,"9e8a867c-9b56-49b9-ae01-fc218c6fa77d",2026-02-10T06:45:17Z,2026-02-10T06:45:17Z,"01f011dc-8d52-4de4-9524-780ccef3313b","fe6eef75-85a6-4b38-9c21-2c3079846288","TikTok",0,0,0,0,"0","2026","88853dfe-2ab3-4c64-927e-2660e88af0d9"
,"9f1ec66b-4e0b-4410-a009-d2eac3dd13ee",2025-08-01T10:34:30Z,2025-08-28T04:56:23Z,"e771b8d5-2d78-4471-bb22-0c0d9e29a888","5dd8d88e-58bc-4e12-9cfb-55a3306b21cd","Facebook",280,271,10,1600,"5","2025","56eac7e9-af94-47c0-b4b1-2a4101a9b0c1"
,"9fd53b88-0077-4b21-9401-9142d1565428",2026-01-05T06:36:44Z,2026-01-05T06:36:44Z,"01f011dc-8d52-4de4-9524-780ccef3313b","90f693b9-af56-47a1-9965-98bf0326b43e","Instagram",0,0,0,0,"0","2025","34a2f467-ef8e-4733-b6ad-7d176e614466"
,"a08d3f6e-7c5c-41c9-b8af-705e3a23076f",2026-01-05T06:54:56Z,2026-01-05T06:54:56Z,"01f011dc-8d52-4de4-9524-780ccef3313b","90f5bb8e-1da9-441f-b63b-1941b663318b","Facebook",0,0,0,0,"11","2026","cc1e8c94-1f3d-4942-ba0a-3f5041a105cc"
,"a309a5f0-89fb-4b23-ad52-104472a01bbb",2025-08-15T17:01:32Z,2025-08-15T17:21:12Z,"01f011dc-8d52-4de4-9524-780ccef3313b","f889f811-6e7f-489d-a7de-dee3fc249d28","TikTok",141386,152175,1622,4714,"6","2025","426d8f37-fc41-444b-ab15-e9fc7bbb0933"
,"a54b46a2-ba1f-4c1b-bf7a-8852505dbe35",2026-02-02T05:21:16Z,2026-02-02T05:21:16Z,"01f011dc-8d52-4de4-9524-780ccef3313b","5dd8d88e-58bc-4e12-9cfb-55a3306b21cd","TikTok",0,0,0,0,"1","2026","56eac7e9-af94-47c0-b4b1-2a4101a9b0c1"
,"a7cf83f3-a721-4ec4-a5ba-61e375dd0c97",2026-01-02T07:27:56Z,2026-01-02T07:27:56Z,"01f011dc-8d52-4de4-9524-780ccef3313b","1212678d-037b-475a-b187-a27821e2d3c8","LinkedIn",0,0,0,0,"0","2024","e5a8f142-b45d-4375-973d-f0cc776663e1"
,"a852d853-49e6-40d4-b897-455accec5c0b",2025-08-03T19:36:14Z,2025-09-18T09:49:51Z,"01f011dc-8d52-4de4-9524-780ccef3313b","90f5bb8e-1da9-441f-b63b-1941b663318b","LinkedIn",84,3263,481,42,"7","2025","cc1e8c94-1f3d-4942-ba0a-3f5041a105cc"
,"aad10be2-068c-4a9c-a834-0aa872c9cc4a",2025-09-19T08:22:43Z,2025-09-19T08:22:43Z,"01f011dc-8d52-4de4-9524-780ccef3313b","1212678d-037b-475a-b187-a27821e2d3c8","TikTok",0,0,0,0,"0","2025","e5a8f142-b45d-4375-973d-f0cc776663e1"
,"aaf24b0f-6603-42a2-a5d4-554b3eb4d893",2025-10-02T06:40:15Z,2025-11-20T08:54:54Z,,"1212678d-037b-475a-b187-a27821e2d3c8","LinkedIn",264,740,193,8,"9","2025","e5a8f142-b45d-4375-973d-f0cc776663e1"
,"ab1b1652-31e6-4234-8c1c-eff8a167dc8c",2025-12-05T06:27:07Z,2025-12-05T06:27:07Z,"01f011dc-8d52-4de4-9524-780ccef3313b","6a782226-83c3-4c2b-a265-c2be8ad567b6","TikTok",0,0,0,0,"11","2025","40a8a1f7-5a78-4af6-b050-00f2e457ee04"
,"af6aae75-cd42-4982-8f83-4954a0ece360",2026-02-02T05:38:40Z,2026-02-02T05:38:40Z,,"1212678d-037b-475a-b187-a27821e2d3c8","TikTok",0,0,0,0,"1","2026","e5a8f142-b45d-4375-973d-f0cc776663e1"
,"af986a09-2cf3-46ea-bb89-679b1e704c91",2025-10-06T04:26:49Z,2025-10-06T04:26:49Z,"01f011dc-8d52-4de4-9524-780ccef3313b","5dd8d88e-58bc-4e12-9cfb-55a3306b21cd","Facebook",0,0,0,0,"0","2025","56eac7e9-af94-47c0-b4b1-2a4101a9b0c1"
,"b161744e-5410-45eb-943c-e76a5c0fd75d",2025-12-04T07:41:15Z,2025-12-04T07:41:15Z,"01f011dc-8d52-4de4-9524-780ccef3313b","ba7b39b5-2f96-4c6b-8d55-9e6c7cbd3ea4","TikTok",0,0,0,0,"11","2025","18b7a26f-7f8a-456f-a7c6-d26aa1535fec"
,"b3545303-2768-45ac-8092-b3cd31f3968e",2026-01-02T07:27:56Z,2026-01-02T07:27:56Z,"01f011dc-8d52-4de4-9524-780ccef3313b","1212678d-037b-475a-b187-a27821e2d3c8","Instagram",0,0,0,0,"0","2024","e5a8f142-b45d-4375-973d-f0cc776663e1"
,"b539cc32-4e18-4e8b-b5a6-06026ce37302",2025-08-05T17:04:09Z,2025-08-15T09:07:33Z,"01f011dc-8d52-4de4-9524-780ccef3313b","1212678d-037b-475a-b187-a27821e2d3c8","TikTok",1,87,2,1655,"6","2025","e5a8f142-b45d-4375-973d-f0cc776663e1"
,"b65e2b9a-716f-42b8-a5f3-ebfa20ea941b",2025-10-02T06:40:15Z,2025-11-20T08:54:11Z,,"1212678d-037b-475a-b187-a27821e2d3c8","TikTok",132085,142671,727,34,"9","2025","e5a8f142-b45d-4375-973d-f0cc776663e1"
,"b9e7b932-e85b-42d6-9b88-c9adfbf340bc",2025-12-08T08:29:08Z,2026-01-05T07:21:02Z,"01f011dc-8d52-4de4-9524-780ccef3313b","90f693b9-af56-47a1-9965-98bf0326b43e","Facebook",167602,259120,545,12,"11","2025","34a2f467-ef8e-4733-b6ad-7d176e614466"
,"ba6d6c2f-3fa4-4d49-9b8c-d75c02b81749",2025-08-05T12:49:41Z,2025-09-01T11:47:17Z,"01f011dc-8d52-4de4-9524-780ccef3313b","1212678d-037b-475a-b187-a27821e2d3c8","Instagram",948,6745,153,6452,"7","2025","e5a8f142-b45d-4375-973d-f0cc776663e1"
,"bbce50f2-3ccf-4559-8c9f-d75c53064d36",2025-10-01T08:30:29Z,2025-11-30T06:49:28Z,"01f011dc-8d52-4de4-9524-780ccef3313b","5dd8d88e-58bc-4e12-9cfb-55a3306b21cd","Facebook",543,1614,177,46,"9","2025","56eac7e9-af94-47c0-b4b1-2a4101a9b0c1"
,"bcd15bbe-2b2c-4acd-825b-2767857fa7dd",2025-12-05T16:51:52Z,2025-12-05T16:51:52Z,"01f011dc-8d52-4de4-9524-780ccef3313b","6a782226-83c3-4c2b-a265-c2be8ad567b6","Instagram",0,0,0,0,"9","2025","40a8a1f7-5a78-4af6-b050-00f2e457ee04"
,"bd9ed0ca-cdae-46c6-a04e-85b8b9a62146",2025-08-08T07:12:52Z,2025-08-22T18:15:49Z,"01f011dc-8d52-4de4-9524-780ccef3313b","f889f811-6e7f-489d-a7de-dee3fc249d28","Instagram",1145,10757,155,12045,"7","2025","426d8f37-fc41-444b-ab15-e9fc7bbb0933"
,"befbb07f-27b3-4d8b-9db6-ee20eb0d3b95",2025-09-02T05:37:08Z,2025-09-02T05:37:08Z,"01f011dc-8d52-4de4-9524-780ccef3313b","f889f811-6e7f-489d-a7de-dee3fc249d28","Instagram",0,0,0,0,"8","2025","426d8f37-fc41-444b-ab15-e9fc7bbb0933"
,"bf64f249-83d7-44cb-8171-d212d4f6a164",2025-12-05T06:27:07Z,2025-12-05T06:27:07Z,"01f011dc-8d52-4de4-9524-780ccef3313b","6a782226-83c3-4c2b-a265-c2be8ad567b6","LinkedIn",0,0,0,0,"11","2025","40a8a1f7-5a78-4af6-b050-00f2e457ee04"
,"bffa956c-5171-4f47-8e0e-8d144d1f303b",2026-01-05T07:20:13Z,2026-01-05T07:20:13Z,"01f011dc-8d52-4de4-9524-780ccef3313b","ba7b39b5-2f96-4c6b-8d55-9e6c7cbd3ea4","LinkedIn",0,0,0,0,"0","2026","18b7a26f-7f8a-456f-a7c6-d26aa1535fec"
,"c00415ba-0c98-4227-a32f-f6c0ba41b5cd",2026-02-02T05:21:48Z,2026-02-02T05:21:48Z,"01f011dc-8d52-4de4-9524-780ccef3313b","ba7b39b5-2f96-4c6b-8d55-9e6c7cbd3ea4","TikTok",0,0,0,0,"1","2026","18b7a26f-7f8a-456f-a7c6-d26aa1535fec"
,"c10430f6-80a6-45b9-be71-4c512b49409c",2026-01-21T08:19:43Z,2026-01-21T08:19:43Z,"01f011dc-8d52-4de4-9524-780ccef3313b","5f4622df-b55f-43d6-9ff8-3eac20caf538","LinkedIn",0,0,0,0,"0","2026","41599ce5-0074-454c-a2ec-8706540b238d"
,"c2fbe7ba-ee94-45bd-806c-725aa029f69c",2025-12-01T08:36:34Z,2026-01-05T07:11:04Z,"01f011dc-8d52-4de4-9524-780ccef3313b","90f5bb8e-1da9-441f-b63b-1941b663318b","Instagram",4551,21657,2085,133,"11","2025","cc1e8c94-1f3d-4942-ba0a-3f5041a105cc"
,"c4863ebc-b079-4b02-a50a-f2545929e440",2026-01-05T06:36:49Z,2026-01-05T06:36:49Z,"01f011dc-8d52-4de4-9524-780ccef3313b","90f693b9-af56-47a1-9965-98bf0326b43e","LinkedIn",0,0,0,0,"0","2024","34a2f467-ef8e-4733-b6ad-7d176e614466"
,"c4b3a1e7-39ae-4572-924b-df6b7c989e4b",2025-08-05T12:49:41Z,2025-09-28T09:40:05Z,"01f011dc-8d52-4de4-9524-780ccef3313b","1212678d-037b-475a-b187-a27821e2d3c8","LinkedIn",50,1145,97,181,"7","2025","e5a8f142-b45d-4375-973d-f0cc776663e1"
,"c4eb6d9f-2382-4577-b239-2bec38054e81",2025-12-05T06:27:07Z,2025-12-05T06:27:07Z,"01f011dc-8d52-4de4-9524-780ccef3313b","6a782226-83c3-4c2b-a265-c2be8ad567b6","Instagram",0,0,0,0,"11","2025","40a8a1f7-5a78-4af6-b050-00f2e457ee04"
,"c7601dec-8281-4930-92c1-954c06cb73ac",2025-12-03T04:59:35Z,2026-01-05T07:16:19Z,"01f011dc-8d52-4de4-9524-780ccef3313b","1212678d-037b-475a-b187-a27821e2d3c8","Instagram",1695,13983,991,220,"11","2025","e5a8f142-b45d-4375-973d-f0cc776663e1"
,"c825123e-c2b8-4f8e-ae16-bc28cb33e8ea",2025-12-04T07:41:19Z,2025-12-05T06:25:52Z,"01f011dc-8d52-4de4-9524-780ccef3313b","ba7b39b5-2f96-4c6b-8d55-9e6c7cbd3ea4","Instagram",261,7144,457,330,"10","2025","18b7a26f-7f8a-456f-a7c6-d26aa1535fec"
,"c9bb12f4-fe13-43c8-bffe-bd1af55d3147",2025-11-03T05:19:57Z,2025-12-04T06:36:04Z,"01f011dc-8d52-4de4-9524-780ccef3313b","90f5bb8e-1da9-441f-b63b-1941b663318b","Instagram",10329,36240,2553,236,"10","2025","cc1e8c94-1f3d-4942-ba0a-3f5041a105cc"
,"ca283dd9-5e76-4cdb-b063-954ca2fa3a24",2025-12-05T06:03:56Z,2026-01-05T11:01:44Z,"01f011dc-8d52-4de4-9524-780ccef3313b","e65ea50e-6cc6-458d-8f81-1ebf9b702e2d","Facebook",29928,36641,41,6,"11","2025","13a7054a-69bb-4514-8cf0-99c746f8aaee"
,"cb1bbf27-7b55-4d46-9cf0-abbb47736ca6",2025-08-01T11:09:18Z,2025-09-20T12:22:30Z,"e771b8d5-2d78-4471-bb22-0c0d9e29a888","5dd8d88e-58bc-4e12-9cfb-55a3306b21cd","LinkedIn",258,3729,404,5164,"6","2025","56eac7e9-af94-47c0-b4b1-2a4101a9b0c1"
,"cd66ccbd-067b-40a5-b84a-f6b325b9f508",2026-02-09T05:50:24Z,2026-02-09T05:50:24Z,"01f011dc-8d52-4de4-9524-780ccef3313b","fe6eef75-85a6-4b38-9c21-2c3079846288","TikTok",0,0,0,0,"1","2026","88853dfe-2ab3-4c64-927e-2660e88af0d9"
,"cde516f0-0015-43f9-ab10-62cf2ccdff6c",2025-08-03T19:36:21Z,2025-08-05T17:57:38Z,"01f011dc-8d52-4de4-9524-780ccef3313b","90f5bb8e-1da9-441f-b63b-1941b663318b","TikTok",38387,42275,282,42,"6","2025","cc1e8c94-1f3d-4942-ba0a-3f5041a105cc"
,"ce8aed8e-4ce5-48d3-bc3f-29d4628a034b",2026-01-05T05:51:20Z,2026-02-16T05:53:58Z,"01f011dc-8d52-4de4-9524-780ccef3313b","90f5bb8e-1da9-441f-b63b-1941b663318b","LinkedIn",1783,3505,406,12,"0","2026","cc1e8c94-1f3d-4942-ba0a-3f5041a105cc"
,"cfe813be-40b5-4cc3-9ebf-7ffe4cd57f32",2026-01-21T08:19:43Z,2026-01-21T08:19:43Z,"01f011dc-8d52-4de4-9524-780ccef3313b","5f4622df-b55f-43d6-9ff8-3eac20caf538","TikTok",0,0,0,0,"0","2026","41599ce5-0074-454c-a2ec-8706540b238d"
,"d05846be-b6fb-4441-b7c0-56a54bdb726f",2025-09-01T10:03:40Z,2025-11-20T08:29:32Z,"01f011dc-8d52-4de4-9524-780ccef3313b","90f5bb8e-1da9-441f-b63b-1941b663318b","Facebook",124,870,74,28,"8","2025","cc1e8c94-1f3d-4942-ba0a-3f5041a105cc"
,"d08b259d-c46e-4e63-b6d4-4520bd4f1492",2025-11-03T05:11:52Z,2025-12-04T06:39:48Z,"01f011dc-8d52-4de4-9524-780ccef3313b","1212678d-037b-475a-b187-a27821e2d3c8","LinkedIn",192,828,175,6,"10","2025","e5a8f142-b45d-4375-973d-f0cc776663e1"
,"d206905a-14f1-480d-9865-03747f7fbbc3",2025-09-01T11:37:52Z,2025-11-20T08:52:50Z,"01f011dc-8d52-4de4-9524-780ccef3313b","1212678d-037b-475a-b187-a27821e2d3c8","TikTok",76560,84962,360,135,"8","2025","e5a8f142-b45d-4375-973d-f0cc776663e1"
,"d2cb6773-794d-4d0c-89b3-36475ac9e8d2",2026-01-05T07:20:30Z,2026-01-05T07:20:30Z,"01f011dc-8d52-4de4-9524-780ccef3313b","ba7b39b5-2f96-4c6b-8d55-9e6c7cbd3ea4","Instagram",0,0,0,0,"0","2025","18b7a26f-7f8a-456f-a7c6-d26aa1535fec"
,"d3934002-01c8-4186-aea6-cf7e60b9b285",2026-01-05T06:36:44Z,2026-01-05T06:36:44Z,"01f011dc-8d52-4de4-9524-780ccef3313b","90f693b9-af56-47a1-9965-98bf0326b43e","LinkedIn",0,0,0,0,"0","2025","34a2f467-ef8e-4733-b6ad-7d176e614466"
,"d3f70718-3d73-495c-900e-d5e390704d45",2026-01-29T11:42:27Z,2026-02-16T06:12:20Z,,"0e90ed6d-2dbc-48b2-aeea-fe5b0928abd5","TikTok",60928,61370,342,17,"0","2026","8e973dbb-d6fd-4cf8-94a8-10f51ec8f4a0"
,"d4826d7c-5416-47aa-b5e8-4b95a9a7ba9d",2026-02-02T05:38:41Z,2026-02-02T05:38:41Z,,"1212678d-037b-475a-b187-a27821e2d3c8","Facebook",0,0,0,0,"1","2026","e5a8f142-b45d-4375-973d-f0cc776663e1"
,"d5487f01-a14f-4537-bed5-2880314d2420",2025-12-05T06:04:06Z,2025-12-05T06:13:43Z,"01f011dc-8d52-4de4-9524-780ccef3313b","e65ea50e-6cc6-458d-8f81-1ebf9b702e2d","Instagram",580,3042,216,83,"10","2025","13a7054a-69bb-4514-8cf0-99c746f8aaee"
,"d613fb08-3b1e-4010-b371-68e866ebc46e",2025-12-05T16:51:52Z,2025-12-05T16:51:52Z,"01f011dc-8d52-4de4-9524-780ccef3313b","6a782226-83c3-4c2b-a265-c2be8ad567b6","LinkedIn",0,0,0,0,"9","2025","40a8a1f7-5a78-4af6-b050-00f2e457ee04"
,"d7e3167d-b424-4633-9e9c-707f243d32d8",2025-11-01T09:37:18Z,2025-12-05T05:15:42Z,"01f011dc-8d52-4de4-9524-780ccef3313b","5dd8d88e-58bc-4e12-9cfb-55a3306b21cd","Facebook",420347,993386,899,32,"10","2025","56eac7e9-af94-47c0-b4b1-2a4101a9b0c1"
,"d8424796-92bd-4dec-9f3b-277f5f8b18df",2025-08-15T17:27:41Z,2025-08-15T17:28:27Z,"e771b8d5-2d78-4471-bb22-0c0d9e29a888","f889f811-6e7f-489d-a7de-dee3fc249d28","Instagram",0,0,0,0,"5","2025","426d8f37-fc41-444b-ab15-e9fc7bbb0933"
,"d8da6a62-c17b-4c4d-9896-dff191e3cffc",2025-12-05T06:27:07Z,2025-12-05T06:27:07Z,"01f011dc-8d52-4de4-9524-780ccef3313b","6a782226-83c3-4c2b-a265-c2be8ad567b6","Facebook",0,0,0,0,"11","2025","40a8a1f7-5a78-4af6-b050-00f2e457ee04"
,"dd0dc42d-5f04-41a9-8b74-ebd548406cab",2025-09-19T08:22:43Z,2025-09-19T08:22:43Z,"01f011dc-8d52-4de4-9524-780ccef3313b","1212678d-037b-475a-b187-a27821e2d3c8","Instagram",0,0,0,0,"0","2025","e5a8f142-b45d-4375-973d-f0cc776663e1"
,"dd58a672-5e3c-4f30-a81d-32b82bda5c78",2025-12-08T08:29:08Z,2026-01-05T07:20:30Z,"01f011dc-8d52-4de4-9524-780ccef3313b","90f693b9-af56-47a1-9965-98bf0326b43e","Instagram",14600,88087,1747,505,"11","2025","34a2f467-ef8e-4733-b6ad-7d176e614466"
,"dedf3ffe-a43d-4748-b29e-4082afb70be8",2025-08-27T05:53:51Z,2025-08-27T05:53:51Z,"01f011dc-8d52-4de4-9524-780ccef3313b","160e00a4-309a-40b8-aec3-1635e37cf211","LinkedIn",0,0,0,0,"7","2025","5ce89196-d503-4960-a087-3d0d94018925"
,"e07c64d1-a4ae-41f1-9e88-e1b31ab4d3ef",2026-02-02T05:41:35Z,2026-02-02T05:41:35Z,,"90f693b9-af56-47a1-9965-98bf0326b43e","Facebook",0,0,0,0,"1","2026","34a2f467-ef8e-4733-b6ad-7d176e614466"
,"e11a0625-b633-4dae-b3fc-4aa34ece9b0f",2025-10-01T08:30:29Z,2025-11-30T06:49:46Z,"01f011dc-8d52-4de4-9524-780ccef3313b","5dd8d88e-58bc-4e12-9cfb-55a3306b21cd","TikTok",159347,187449,779,33,"9","2025","56eac7e9-af94-47c0-b4b1-2a4101a9b0c1"
,"e24d5183-1c77-43a7-9c44-35638bcf7491",2026-02-10T07:07:16Z,2026-02-16T06:06:56Z,,"fe578398-ead8-4e5c-902c-1ba9d28746b3","LinkedIn",82,161,27,3,"0","2026","f644f0b2-3ef9-4d0a-80c3-276de3135008"
,"e3f74a6a-9429-4ae8-a743-d67c64d549ef",2026-01-05T07:07:08Z,2026-01-05T07:07:08Z,"01f011dc-8d52-4de4-9524-780ccef3313b","90f5bb8e-1da9-441f-b63b-1941b663318b","Instagram",0,0,0,0,"2","2025","cc1e8c94-1f3d-4942-ba0a-3f5041a105cc"
,"e551869d-0504-4d62-aa03-d1de4668b3a6",2025-11-18T05:48:11Z,2025-11-18T05:48:11Z,"01f011dc-8d52-4de4-9524-780ccef3313b","b7444ad8-e438-49ce-b78a-df4a2ed60dd8","Facebook",0,0,0,0,"10","2025","c4723d06-5b05-482c-b318-5472ec4c334f"
,"e60f0e96-d476-4e88-b9db-0648aebd6e1f",2025-10-23T06:23:15Z,2025-10-23T06:23:15Z,"01f011dc-8d52-4de4-9524-780ccef3313b","ba7b39b5-2f96-4c6b-8d55-9e6c7cbd3ea4","LinkedIn",0,0,0,0,"9","2025","18b7a26f-7f8a-456f-a7c6-d26aa1535fec"
,"e700369a-32c5-4b5a-9d54-0b31bfc130ca",2025-12-05T06:04:06Z,2025-12-05T06:04:06Z,"01f011dc-8d52-4de4-9524-780ccef3313b","e65ea50e-6cc6-458d-8f81-1ebf9b702e2d","LinkedIn",0,0,0,0,"10","2025","13a7054a-69bb-4514-8cf0-99c746f8aaee"
,"e85b888e-bf47-4fbc-8c71-8159639e859d",2026-01-29T11:42:27Z,2026-02-16T06:10:14Z,,"0e90ed6d-2dbc-48b2-aeea-fe5b0928abd5","LinkedIn",68,173,21,9,"0","2026","8e973dbb-d6fd-4cf8-94a8-10f51ec8f4a0"
,"e8b53002-8ca0-4dff-a5f1-db9e7f0f7ad7",2026-02-10T07:05:16Z,2026-02-10T07:05:16Z,"01f011dc-8d52-4de4-9524-780ccef3313b","0e90ed6d-2dbc-48b2-aeea-fe5b0928abd5","Instagram",0,0,0,0,"1","2026","8e973dbb-d6fd-4cf8-94a8-10f51ec8f4a0"
,"eab09ccd-3d04-4e3d-bcc5-7715028fa267",2026-01-05T08:54:57Z,2026-01-05T08:54:57Z,"01f011dc-8d52-4de4-9524-780ccef3313b","5dd8d88e-58bc-4e12-9cfb-55a3306b21cd","LinkedIn",0,0,0,0,"0","2026","56eac7e9-af94-47c0-b4b1-2a4101a9b0c1"
,"eb6ee197-2a96-4acd-863b-3bd2cc77ec61",2025-12-05T16:51:52Z,2025-12-05T16:51:52Z,"01f011dc-8d52-4de4-9524-780ccef3313b","6a782226-83c3-4c2b-a265-c2be8ad567b6","Facebook",0,0,0,0,"9","2025","40a8a1f7-5a78-4af6-b050-00f2e457ee04"
,"eb7fc45d-e56e-44a8-90af-c8436d5a21fe",2026-01-02T07:27:31Z,2026-02-16T05:40:29Z,"01f011dc-8d52-4de4-9524-780ccef3313b","1212678d-037b-475a-b187-a27821e2d3c8","LinkedIn",395,1018,222,9,"0","2026","e5a8f142-b45d-4375-973d-f0cc776663e1"
,"ec3dec25-b0d9-4cf5-a3af-61541e49a43e",2025-09-01T11:06:27Z,2025-11-05T07:16:42Z,"01f011dc-8d52-4de4-9524-780ccef3313b","5dd8d88e-58bc-4e12-9cfb-55a3306b21cd","LinkedIn",544,5660,608,5397,"8","2025","56eac7e9-af94-47c0-b4b1-2a4101a9b0c1"
,"ece53d01-5fea-435f-82df-ef09cc80c01d",2025-09-01T10:03:40Z,2025-11-20T08:29:47Z,"01f011dc-8d52-4de4-9524-780ccef3313b","90f5bb8e-1da9-441f-b63b-1941b663318b","Instagram",2925,24327,720,690,"8","2025","cc1e8c94-1f3d-4942-ba0a-3f5041a105cc"
,"ed5bab78-f8a5-490c-9497-bba4380d05c1",2025-08-15T17:27:49Z,2025-08-15T17:28:33Z,"e771b8d5-2d78-4471-bb22-0c0d9e29a888","f889f811-6e7f-489d-a7de-dee3fc249d28","LinkedIn",0,0,0,0,"5","2025","426d8f37-fc41-444b-ab15-e9fc7bbb0933"
,"edd900cf-2f6a-4f39-a4a9-2b030c22043b",2026-02-02T05:41:35Z,2026-02-02T05:41:35Z,,"90f693b9-af56-47a1-9965-98bf0326b43e","TikTok",0,0,0,0,"1","2026","34a2f467-ef8e-4733-b6ad-7d176e614466"
,"ef4a0737-9ada-4009-b44a-95118e1ff3ed",2026-01-05T07:19:50Z,2026-01-05T07:19:50Z,"01f011dc-8d52-4de4-9524-780ccef3313b","90f693b9-af56-47a1-9965-98bf0326b43e","TikTok",0,0,0,0,"10","2025","34a2f467-ef8e-4733-b6ad-7d176e614466"
,"efdf2bf9-1a5f-419f-8772-93aa89b9d2a4",2025-08-15T17:27:21Z,2025-08-15T17:28:20Z,"e771b8d5-2d78-4471-bb22-0c0d9e29a888","f889f811-6e7f-489d-a7de-dee3fc249d28","Facebook",0,0,0,0,"5","2025","426d8f37-fc41-444b-ab15-e9fc7bbb0933"
,"f1f7b732-6137-4826-997f-9edb8f7fa9b3",2025-10-06T04:26:49Z,2025-10-06T04:26:49Z,"01f011dc-8d52-4de4-9524-780ccef3313b","5dd8d88e-58bc-4e12-9cfb-55a3306b21cd","LinkedIn",0,0,0,0,"0","2025","56eac7e9-af94-47c0-b4b1-2a4101a9b0c1"
,"f24b3a8f-0726-4e98-a25a-f92f073c05f4",2026-01-21T08:19:43Z,2026-01-21T08:19:43Z,"01f011dc-8d52-4de4-9524-780ccef3313b","5f4622df-b55f-43d6-9ff8-3eac20caf538","Instagram",0,0,0,0,"0","2026","41599ce5-0074-454c-a2ec-8706540b238d"
,"f566afd3-be7a-41f1-9db6-81db32f5f7a1",2025-10-06T06:47:39Z,2025-10-06T06:47:39Z,"01f011dc-8d52-4de4-9524-780ccef3313b","c27ec391-f198-49d2-a60e-6a3516fb252b","Instagram",0,0,0,0,"9","2025","448570ff-ae32-45a3-8790-5bca1175adae"
,"f6392146-f1a4-4d8a-97dd-faa5e5557d82",2025-10-01T08:30:29Z,2025-11-30T06:49:01Z,"01f011dc-8d52-4de4-9524-780ccef3313b","5dd8d88e-58bc-4e12-9cfb-55a3306b21cd","Instagram",9985,65346,2723,138,"9","2025","56eac7e9-af94-47c0-b4b1-2a4101a9b0c1"
,"f83f4471-63fb-46c5-8867-21bdadd10068",2026-02-02T05:12:00Z,2026-02-02T05:12:00Z,"01f011dc-8d52-4de4-9524-780ccef3313b","90f5bb8e-1da9-441f-b63b-1941b663318b","Facebook",0,0,0,0,"1","2026","cc1e8c94-1f3d-4942-ba0a-3f5041a105cc"
,"f8837672-b5b9-49f2-ade1-5e0c7c7578d4",2026-01-05T07:20:30Z,2026-01-05T07:20:30Z,"01f011dc-8d52-4de4-9524-780ccef3313b","ba7b39b5-2f96-4c6b-8d55-9e6c7cbd3ea4","Facebook",0,0,0,0,"0","2025","18b7a26f-7f8a-456f-a7c6-d26aa1535fec"
,"f8c3ca7c-d4fc-4658-98b5-3d4aa13999a9",2025-10-06T06:47:39Z,2025-10-06T06:47:39Z,"01f011dc-8d52-4de4-9524-780ccef3313b","c27ec391-f198-49d2-a60e-6a3516fb252b","LinkedIn",0,0,0,0,"9","2025","448570ff-ae32-45a3-8790-5bca1175adae"
,"f94c1463-f772-44e0-af38-cbd414d53e70",2025-12-04T07:41:15Z,2025-12-04T07:41:15Z,"01f011dc-8d52-4de4-9524-780ccef3313b","ba7b39b5-2f96-4c6b-8d55-9e6c7cbd3ea4","LinkedIn",0,0,0,0,"11","2025","18b7a26f-7f8a-456f-a7c6-d26aa1535fec"
,"f993ab93-b477-4a0f-888c-ee2c10e200d4",2026-02-10T07:05:23Z,2026-02-10T07:05:23Z,,"fe578398-ead8-4e5c-902c-1ba9d28746b3","LinkedIn",0,0,0,0,"1","2026","f644f0b2-3ef9-4d0a-80c3-276de3135008"
,"f99ae7cb-a6fe-4e0a-bf33-556b41be1bb0",2026-01-05T06:36:41Z,2026-02-23T11:07:15Z,"01f011dc-8d52-4de4-9524-780ccef3313b","90f693b9-af56-47a1-9965-98bf0326b43e","Facebook",211904,346093,300,22,"0","2026","34a2f467-ef8e-4733-b6ad-7d176e614466"
,"f9c94311-d29a-4314-a2ce-4c0e0ffa5cba",2026-02-02T05:12:00Z,2026-02-02T05:12:00Z,"01f011dc-8d52-4de4-9524-780ccef3313b","90f5bb8e-1da9-441f-b63b-1941b663318b","TikTok",0,0,0,0,"1","2026","cc1e8c94-1f3d-4942-ba0a-3f5041a105cc"
,"fb2335dd-b2a4-4ea4-974f-f39bb77bc9aa",2025-12-04T07:41:19Z,2025-12-04T07:41:19Z,"01f011dc-8d52-4de4-9524-780ccef3313b","ba7b39b5-2f96-4c6b-8d55-9e6c7cbd3ea4","TikTok",0,0,0,0,"10","2025","18b7a26f-7f8a-456f-a7c6-d26aa1535fec"
,"fb99bb4d-e449-495c-abe2-53c33318daf6",2026-02-10T07:07:16Z,2026-02-16T06:04:52Z,,"fe578398-ead8-4e5c-902c-1ba9d28746b3","Facebook",25980,33897,0,0,"0","2026","f644f0b2-3ef9-4d0a-80c3-276de3135008"
,"fbb3e10e-067e-4592-865a-cbcf6a92d205",2026-01-05T07:07:08Z,2026-01-05T07:07:08Z,"01f011dc-8d52-4de4-9524-780ccef3313b","90f5bb8e-1da9-441f-b63b-1941b663318b","LinkedIn",0,0,0,0,"2","2025","cc1e8c94-1f3d-4942-ba0a-3f5041a105cc"
,"fbb47d5f-cc76-4775-bfd5-3781e8572dcb",2025-12-05T06:27:12Z,2025-12-05T06:30:38Z,"01f011dc-8d52-4de4-9524-780ccef3313b","6a782226-83c3-4c2b-a265-c2be8ad567b6","Instagram",146,977,160,119,"10","2025","40a8a1f7-5a78-4af6-b050-00f2e457ee04"
,"fbc7841e-8916-40d6-876a-d18f813e137f",2025-09-28T09:44:00Z,2025-09-28T09:44:00Z,"01f011dc-8d52-4de4-9524-780ccef3313b","90f5bb8e-1da9-441f-b63b-1941b663318b","LinkedIn",0,0,0,0,"4","2025","cc1e8c94-1f3d-4942-ba0a-3f5041a105cc"
,"fc377ac2-fa93-47c5-8916-e81f96de4d60",2025-09-02T05:37:08Z,2025-09-02T05:37:08Z,"01f011dc-8d52-4de4-9524-780ccef3313b","f889f811-6e7f-489d-a7de-dee3fc249d28","LinkedIn",0,0,0,0,"8","2025","426d8f37-fc41-444b-ab15-e9fc7bbb0933"
,"fca6eb20-c24b-4d3d-ab55-d7f19aaa1b1c",2025-10-02T11:06:59Z,2025-11-20T08:31:16Z,"01f011dc-8d52-4de4-9524-780ccef3313b","90f5bb8e-1da9-441f-b63b-1941b663318b","Instagram",5372,31394,1200,667,"9","2025","cc1e8c94-1f3d-4942-ba0a-3f5041a105cc"
,"fde9ea7f-33d3-40c3-927f-e51ff7252b39",2026-01-05T05:51:22Z,2026-01-05T05:51:22Z,"01f011dc-8d52-4de4-9524-780ccef3313b","90f5bb8e-1da9-441f-b63b-1941b663318b","Facebook",0,0,0,0,"0","2025","cc1e8c94-1f3d-4942-ba0a-3f5041a105cc"
,"ff41bf75-0d06-467a-9f3e-5df5614f50c4",2025-12-04T07:41:19Z,2025-12-05T13:09:55Z,"01f011dc-8d52-4de4-9524-780ccef3313b","ba7b39b5-2f96-4c6b-8d55-9e6c7cbd3ea4","Facebook",520558,7535308,350,54,"10","2025","18b7a26f-7f8a-456f-a7c6-d26aa1535fec"
